income_district,district_code,year,state,median_household_income,income_moe,staar_district,tea_district_id,administration,tests_taken,approaches_count,approaches_pct,predicted_approaches_pct,residual,test_group,performance_category
Keene ISD,25230,2020-2024,Texas,53352.0,14140.0,KEENE ISD,126906,Spring 2026,502,460.0,91.63346613545816,77.73052458331983,13.90294155213833,EOC,Over expected
Canton ISD,12750,2020-2024,Texas,65671.0,11665.0,CANTON ISD,234902,Spring 2026,862,803.0,93.15545243619488,79.69899130141062,13.456461134784263,EOC,Over expected
Carthage ISD,13110,2020-2024,Texas,63860.0,13270.0,CARTHAGE ISD,183902,Spring 2026,921,849.0,92.18241042345277,79.4096095962022,12.772800827250563,EOC,Over expected
Mineola ISD,30930,2020-2024,Texas,59063.0,7325.0,MINEOLA ISD,250903,Spring 2026,639,582.0,91.07981220657275,78.64309162829235,12.4367205782804,EOC,Over expected
Fort Sam Houston ISD,20160,2020-2024,Texas,100662.0,21360.0,FT SAM HOUSTON ISD,015914,Spring 2026,535,522.0,97.57009345794393,85.29024212799676,12.279851329947164,EOC,Over expected
Pottsboro ISD,35580,2020-2024,Texas,79710.0,10159.0,POTTSBORO ISD,091913,Spring 2026,528,495.0,93.75,81.94229873344865,11.807701266551348,EOC,Over expected
College Station ISD,7350,2020-2024,Texas,54117.0,3269.0,COLLEGE STATION ISD,021901,Spring 2026,5613,5031.0,89.63121325494387,77.85276478458125,11.778448470362619,EOC,Over expected
Hudson ISD,23790,2020-2024,Texas,61023.0,10338.0,HUDSON ISD,003902,Spring 2026,1023,924.0,90.32258064516128,78.956282209302,11.366298435859278,EOC,Over expected
Bishop CISD,10260,2020-2024,Texas,66813.0,13392.0,BISHOP CISD,178902,Spring 2026,698,635.0,90.97421203438395,79.88147275218257,11.092739282201379,EOC,Over expected
Iowa Park CISD,24260,2020-2024,Texas,75323.0,14316.0,IOWA PARK CISD,243903,Spring 2026,652,601.0,92.17791411042946,81.2412951217704,10.936618988659049,EOC,Over expected
Edna ISD,18210,2020-2024,Texas,63014.0,6974.0,EDNA ISD,120901,Spring 2026,518,467.0,90.15444015444017,79.27442631480722,10.880013839632952,EOC,Over expected
Glen Rose ISD,20850,2020-2024,Texas,82353.0,23559.0,GLEN ROSE ISD,213901,Spring 2026,677,631.0,93.205317577548,82.3646266444734,10.840690933074598,EOC,Over expected
Roma ISD,37740,2020-2024,Texas,27843.0,4811.0,ROMA ISD,214903,Spring 2026,2462,2074.0,84.24045491470349,73.65441308792427,10.586041826779223,EOC,Over expected
Mathis ISD,29400,2020-2024,Texas,45367.0,10514.0,MATHIS ISD,205904,Spring 2026,510,443.0,86.86274509803921,76.454592547931,10.408152550108213,EOC,Over expected
Early ISD,17790,2020-2024,Texas,77661.0,19935.0,EARLY ISD,025909,Spring 2026,506,465.0,91.89723320158105,81.61488674340336,10.282346458177685,EOC,Over expected
Huntington ISD,24000,2020-2024,Texas,63485.0,9818.0,HUNTINGTON ISD,003904,Spring 2026,571,511.0,89.49211908931699,79.34968792891719,10.142431160399795,EOC,Over expected
Hillsboro ISD,23280,2020-2024,Texas,59048.0,9012.0,HILLSBORO ISD,109904,Spring 2026,711,631.0,88.74824191279887,78.64069476160095,10.10754715119792,EOC,Over expected
Pittsburg ISD,35010,2020-2024,Texas,59172.0,8002.0,PITTSBURG ISD,032902,Spring 2026,804,713.0,88.68159203980099,78.66050885958319,10.0210831802178,EOC,Over expected
Whitney ISD,45720,2020-2024,Texas,54045.0,5196.0,WHITNEY ISD,109911,Spring 2026,522,458.0,87.73946360153256,77.84125982446253,9.898203777070037,EOC,Over expected
Clyde CISD,14450,2020-2024,Texas,78981.0,11435.0,CLYDE CISD,030902,Spring 2026,564,516.0,91.48936170212764,81.82581101224659,9.663550689881049,EOC,Over expected
Franklin ISD,19740,2020-2024,Texas,101875.0,18250.0,FRANKLIN ISD,198903,Spring 2026,534,507.0,94.9438202247191,85.48406874777467,9.459751476944433,EOC,Over expected
Jim Ned CISD,24780,2020-2024,Texas,94219.0,20160.0,JIM NED CISD,221911,Spring 2026,571,535.0,93.6952714535902,84.2607079884839,9.434563465106294,EOC,Over expected
Needville ISD,32310,2020-2024,Texas,92120.0,18264.0,NEEDVILLE ISD,079906,Spring 2026,1461,1362.0,93.22381930184804,83.9253064428006,9.298512859047435,EOC,Over expected
Stephenville ISD,41520,2020-2024,Texas,59152.0,4076.0,STEPHENVILLE ISD,072903,Spring 2026,1394,1220.0,87.51793400286944,78.657313037328,8.860620965541443,EOC,Over expected
Midway ISD (McLennan County),30640,2020-2024,Texas,95241.0,7603.0,MIDWAY ISD,161903,Spring 2026,3319,3096.0,93.28110876770111,84.42401450572464,8.85709426197647,EOC,Over expected
Flour Bluff ISD,19380,2020-2024,Texas,92182.0,8117.0,FLOUR BLUFF ISD,178914,Spring 2026,2324,2154.0,92.68502581755594,83.93521349179173,8.74981232576421,EOC,Over expected
Gilmer ISD,20700,2020-2024,Texas,52688.0,4955.0,GILMER ISD,230902,Spring 2026,1135,980.0,86.34361233480176,77.62442328444718,8.719189050354586,EOC,Over expected
Shallowater ISD,39870,2020-2024,Texas,87250.0,19402.0,SHALLOWATER ISD,152909,Spring 2026,625,574.0,91.84,83.14712372365926,8.69287627634074,EOC,Over expected
Grandview ISD,21540,2020-2024,Texas,87389.0,12680.0,GRANDVIEW ISD,126904,Spring 2026,561,515.0,91.80035650623886,83.16933468833291,8.631021817905946,EOC,Over expected
Ysleta ISD,46680,2020-2024,Texas,50480.0,2079.0,YSLETA ISD,071905,Spring 2026,14222,12213.0,85.87399803121923,77.27160450747303,8.602393523746201,EOC,Over expected
Mount Pleasant ISD,31760,2020-2024,Texas,53933.0,3502.0,MOUNT PLEASANT ISD,225902,Spring 2026,1884,1628.0,86.41188959660298,77.82336321983341,8.588526376769565,EOC,Over expected
West Oso ISD,45120,2020-2024,Texas,36735.0,12339.0,WEST OSO ISD,178915,Spring 2026,563,471.0,83.65896980461812,75.07527566258644,8.583694142031689,EOC,Over expected
Randolph Field ISD,36450,2020-2024,Texas,113250.0,22031.0,RANDOLPH FIELD ISD,015906,Spring 2026,571,546.0,95.6217162872154,87.30169265542,8.320023631795408,EOC,Over expected
Malakoff ISD,28780,2020-2024,Texas,68269.0,8885.0,MALAKOFF ISD,107906,Spring 2026,527,466.0,88.42504743833017,80.11412861236117,8.310918825968997,EOC,Over expected
Buna ISD,12090,2020-2024,Texas,55048.0,27372.0,BUNA ISD,121903,Spring 2026,530,457.0,86.22641509433963,78.00153031056084,8.22488478377879,EOC,Over expected
Spring Hill ISD,41190,2020-2024,Texas,90098.0,11861.0,SPRING HILL ISD,092907,Spring 2026,734,674.0,91.82561307901908,83.60220881279983,8.223404266219248,EOC,Over expected
Pleasant Grove ISD,35130,2020-2024,Texas,93968.0,11512.0,PLEASANT GROVE ISD,019912,Spring 2026,978,904.0,92.43353783231083,84.22060041918114,8.212937413129694,EOC,Over expected
Van ISD,43920,2020-2024,Texas,68605.0,7115.0,VAN ISD,234906,Spring 2026,797,704.0,88.33124215809285,80.16781842624854,8.163423731844304,EOC,Over expected
Madisonville CISD,28710,2020-2024,Texas,69704.0,6467.0,MADISONVILLE CISD,154901,Spring 2026,887,785.0,88.50056369785794,80.34342885917181,8.157134838686133,EOC,Over expected
Lindale ISD,27510,2020-2024,Texas,92838.0,11899.0,LINDALE ISD,212903,Spring 2026,1645,1516.0,92.1580547112462,84.0400364617623,8.118018249483896,EOC,Over expected
Giddings ISD,20640,2020-2024,Texas,72518.0,15025.0,GIDDINGS ISD,144901,Spring 2026,733,650.0,88.67667121418826,80.79308105047853,7.8835901637097265,EOC,Over expected
Bullard ISD,12060,2020-2024,Texas,91949.0,13990.0,BULLARD ISD,212902,Spring 2026,1204,1105.0,91.77740863787376,83.89798216251863,7.879426475355132,EOC,Over expected
McAllen ISD,29670,2020-2024,Texas,58719.0,2738.0,MCALLEN ISD,108906,Spring 2026,8006,6921.0,86.44766425181115,78.5881234855029,7.859540766308243,EOC,Over expected
Dumas ISD,17610,2020-2024,Texas,61618.0,4735.0,DUMAS ISD,171901,Spring 2026,1454,1263.0,86.86382393397524,79.05135792139423,7.812466012581012,EOC,Over expected
Brownsville ISD,11680,2020-2024,Texas,48874.0,1923.0,BROWNSVILLE ISD,031901,Spring 2026,13443,11400.0,84.80249944208882,77.01497998038042,7.787519461708399,EOC,Over expected
Lorena ISD,28200,2020-2024,Texas,104000.0,13129.0,LORENA ISD,161907,Spring 2026,673,630.0,93.61069836552748,85.82362486238974,7.787073503137748,EOC,Over expected
China Spring ISD,13960,2020-2024,Texas,104931.0,9325.0,CHINA SPRING ISD,161920,Spring 2026,1211,1134.0,93.64161849710982,85.97239038836932,7.669228108740498,EOC,Over expected
Gatesville ISD,20500,2020-2024,Texas,70998.0,5747.0,GATESVILLE ISD,050902,Spring 2026,908,801.0,88.21585903083701,80.55019855908328,7.665660471753725,EOC,Over expected
Mabank ISD,28680,2020-2024,Texas,62913.0,4658.0,MABANK ISD,129905,Spring 2026,1474,1280.0,86.83853459972863,79.25828741241845,7.580247187310178,EOC,Over expected
Orange Grove ISD,33720,2020-2024,Texas,64638.0,15844.0,ORANGE GROVE ISD,125903,Spring 2026,636,554.0,87.10691823899371,79.5339270819295,7.572991157064209,EOC,Over expected
Whitehouse ISD,45600,2020-2024,Texas,89480.0,6864.0,WHITEHOUSE ISD,212906,Spring 2026,1876,1708.0,91.04477611940298,83.50345790511413,7.54131821428885,EOC,Over expected
Yoakum ISD,46620,2020-2024,Texas,53128.0,9736.0,YOAKUM ISD,062903,Spring 2026,507,432.0,85.20710059171599,77.69473137406158,7.51236921765441,EOC,Over expected
Longview ISD,28110,2020-2024,Texas,61669.0,3661.0,LONGVIEW ISD,092903,Spring 2026,3244,2805.0,86.46732429099877,79.05950726814498,7.407817022853791,EOC,Over expected
Gregory-Portland ISD,21780,2020-2024,Texas,82083.0,9503.0,GREGORY-PORTLAND ISD,205902,Spring 2026,1915,1718.0,89.71279373368147,82.3214830440282,7.391310689653267,EOC,Over expected
McGregor ISD,29820,2020-2024,Texas,86000.0,15518.0,MCGREGOR ISD,161909,Spring 2026,569,514.0,90.33391915641477,82.94738483270923,7.386534323705533,EOC,Over expected
Diboll ISD,17040,2020-2024,Texas,61559.0,9202.0,DIBOLL ISD,003905,Spring 2026,607,524.0,86.32619439868205,79.04193024574138,7.284264152940665,EOC,Over expected
Wimberley ISD,9,2020-2024,Texas,82389.0,14995.0,WIMBERLEY ISD,105905,Spring 2026,1158,1038.0,89.63730569948186,82.37037912453276,7.266926574949096,EOC,Over expected
San Diego ISD,38820,2020-2024,Texas,46771.0,13870.0,SAN DIEGO ISD,066902,Spring 2026,517,434.0,83.9458413926499,76.67893927024609,7.266902122403806,EOC,Over expected
Palmer ISD,34110,2020-2024,Texas,106652.0,16738.0,PALMER ISD,070910,Spring 2026,508,475.0,93.503937007874,86.24739089342933,7.256546114444674,EOC,Over expected
Nederland ISD,32280,2020-2024,Texas,77596.0,6633.0,NEDERLAND ISD,123905,Spring 2026,2016,1790.0,88.78968253968253,81.60450032107396,7.185182218608574,EOC,Over expected
Sabine ISD,38460,2020-2024,Texas,71563.0,13924.0,SABINE ISD,092906,Spring 2026,577,506.0,87.69497400346621,80.6404805377927,7.0544934656735165,EOC,Over expected
Tatum ISD,42240,2020-2024,Texas,82321.0,16718.0,TATUM ISD,201910,Spring 2026,543,485.0,89.31860036832413,82.35951332886509,6.959087039459035,EOC,Over expected
Brownsboro ISD,11640,2020-2024,Texas,63112.0,4510.0,BROWNSBORO ISD,107902,Spring 2026,1042,897.0,86.08445297504798,79.29008584385771,6.7943671311902705,EOC,Over expected
Calallen ISD,12420,2020-2024,Texas,83444.0,10250.0,CALALLEN ISD,178903,Spring 2026,1473,1315.0,89.27359131025119,82.5389587484946,6.734632561756598,EOC,Over expected
Hondo ISD,23430,2020-2024,Texas,64007.0,8794.0,HONDO ISD,163904,Spring 2026,707,609.0,86.13861386138613,79.43309888977792,6.70551497160821,EOC,Over expected
White Oak ISD,45480,2020-2024,Texas,100146.0,21840.0,WHITE OAK ISD,092908,Spring 2026,555,510.0,91.8918918918919,85.20778991381259,6.684101978079312,EOC,Over expected
Somerset ISD,40740,2020-2024,Texas,72176.0,8968.0,SOMERSET ISD,015909,Spring 2026,1674,1463.0,87.39545997610514,80.7384324899146,6.657027486190543,EOC,Over expected
Kerrville ISD,25590,2020-2024,Texas,65030.0,4507.0,KERRVILLE ISD,133903,Spring 2026,1616,1393.0,86.20049504950495,79.59656519813144,6.603929851373508,EOC,Over expected
Alamo Heights ISD,7590,2020-2024,Texas,100268.0,10037.0,ALAMO HEIGHTS ISD,015901,Spring 2026,2016,1851.0,91.8154761904762,85.22728442956931,6.588191760906895,EOC,Over expected
Farmersville ISD,19080,2020-2024,Texas,90154.0,16207.0,FARMERSVILLE ISD,043904,Spring 2026,1010,911.0,90.1980198019802,83.61115711511438,6.586862686865814,EOC,Over expected
Alice ISD,7800,2020-2024,Texas,49032.0,5774.0,ALICE ISD,125901,Spring 2026,1609,1341.0,83.34369173399627,77.04022697619651,6.303464757799759,EOC,Over expected
Eagle Pass ISD,17730,2020-2024,Texas,49568.0,4673.0,EAGLE PASS ISD,159901,Spring 2026,3578,2985.0,83.42649524874231,77.12587501263589,6.300620236106425,EOC,Over expected
Van Alstyne ISD,43890,2020-2024,Texas,112799.0,14947.0,VAN ALSTYNE ISD,091908,Spring 2026,1116,1043.0,93.45878136200716,87.22962686356522,6.229154498441943,EOC,Over expected
Fairfield ISD,18940,2020-2024,Texas,59727.0,7759.0,FAIRFIELD ISD,081902,Spring 2026,665,565.0,84.9624060150376,78.74919292716501,6.213213087872589,EOC,Over expected
Hamshire-Fannett ISD,22320,2020-2024,Texas,101541.0,10383.0,HAMSHIRE-FANNETT ISD,123914,Spring 2026,769,704.0,91.54746423927178,85.43069851611283,6.116765723158949,EOC,Over expected
Hurst-Euless-Bedford ISD,24060,2020-2024,Texas,82201.0,2569.0,HURST-EULESS-BEDFORD ISD,220916,Spring 2026,8699,7690.0,88.40096562823312,82.34033839533389,6.060627232899236,EOC,Over expected
Ingleside ISD,24180,2020-2024,Texas,70657.0,12652.0,INGLESIDE ISD,205903,Spring 2026,816,706.0,86.51960784313727,80.49570978963212,6.02389805350515,EOC,Over expected
Academy ISD,7470,2020-2024,Texas,95390.0,4391.0,ACADEMY ISD,014901,Spring 2026,689,623.0,90.42089985486211,84.4478233815259,5.973076473336221,EOC,Over expected
Lumberton ISD,13530,2020-2024,Texas,98812.0,9473.0,LUMBERTON ISD,100907,Spring 2026,1552,1411.0,90.91494845360825,84.99462856939071,5.920319884217534,EOC,Over expected
Eustace ISD,18720,2020-2024,Texas,59936.0,11793.0,EUSTACE ISD,107905,Spring 2026,698,591.0,84.67048710601719,78.78258926973186,5.887897836285333,EOC,Over expected
Boyd ISD,11010,2020-2024,Texas,73988.0,16846.0,BOYD ISD,249902,Spring 2026,586,509.0,86.86006825938567,81.02797398623576,5.832094273149906,EOC,Over expected
Socorro ISD,40710,2020-2024,Texas,74004.0,3095.0,SOCORRO ISD,071909,Spring 2026,19990,17322.0,86.65332666333167,81.03053064403993,5.622796019291741,EOC,Over expected
Tuloso-Midway ISD,43350,2020-2024,Texas,69700.0,5027.0,TULOSO-MIDWAY ISD,178912,Spring 2026,1470,1263.0,85.91836734693878,80.34278969472076,5.575577652218016,EOC,Over expected
Atlanta ISD,8880,2020-2024,Texas,64488.0,4848.0,ATLANTA ISD,034901,Spring 2026,654,556.0,85.01529051987767,79.5099584150155,5.505332104862163,EOC,Over expected
Lubbock-Cooper ISD,15180,2020-2024,Texas,109087.0,7884.0,LUBBOCK-COOPER ISD,152906,Spring 2026,3231,2977.0,92.1386567626122,86.636482253,5.502174509612203,EOC,Over expected
East Chambers ISD,17880,2020-2024,Texas,77331.0,16038.0,EAST CHAMBERS ISD,036903,Spring 2026,657,572.0,87.06240487062405,81.56215567619255,5.500249194431504,EOC,Over expected
Perryton ISD,34650,2020-2024,Texas,70671.0,9400.0,PERRYTON ISD,179901,Spring 2026,728,626.0,85.98901098901099,80.49794686521076,5.4910641238002285,EOC,Over expected
Harlingen CISD,22530,2020-2024,Texas,58146.0,3628.0,HARLINGEN CISD,031903,Spring 2026,6559,5508.0,83.97621588656807,78.4965631778914,5.479652708676667,EOC,Over expected
Kaufman ISD,25200,2020-2024,Texas,74438.0,16313.0,KAUFMAN ISD,129903,Spring 2026,1607,1389.0,86.43434971997512,81.09987998697778,5.334469732997334,EOC,Over expected
Center ISD,13320,2020-2024,Texas,51453.0,6111.0,CENTER ISD,210901,Spring 2026,864,715.0,82.75462962962963,77.42708126018854,5.3275483694410894,EOC,Over expected
Caldwell ISD,12460,2020-2024,Texas,69147.0,10079.0,CALDWELL ISD,026901,Spring 2026,700,599.0,85.57142857142857,80.25442520936447,5.317003362064099,EOC,Over expected
Hardin-Jefferson ISD,22410,2020-2024,Texas,97988.0,7387.0,HARDIN-JEFFERSON ISD,100905,Spring 2026,1007,908.0,90.16881827209534,84.86296069247645,5.305857579618888,EOC,Over expected
Orangefield ISD,33780,2020-2024,Texas,84639.0,18127.0,ORANGEFIELD ISD,181905,Spring 2026,623,548.0,87.96147672552166,82.72990912824284,5.231567597278826,EOC,Over expected
Whitesboro ISD,45630,2020-2024,Texas,81496.0,9392.0,WHITESBORO ISD,091909,Spring 2026,661,578.0,87.44326777609682,82.22768566083806,5.215582115258755,EOC,Over expected
La Grange ISD,26100,2020-2024,Texas,75534.0,5301.0,LA GRANGE ISD,075902,Spring 2026,794,686.0,86.39798488664987,81.27501104656278,5.122973840087084,EOC,Over expected
Devine ISD,16950,2020-2024,Texas,61544.0,9548.0,DEVINE ISD,163901,Spring 2026,753,633.0,84.06374501992032,79.03953337904998,5.024211640870334,EOC,Over expected
Wylie ISD (Taylor County),46500,2020-2024,Texas,114484.0,7885.0,WYLIE ISD,221912,Spring 2026,2136,1976.0,92.50936329588016,87.49887488856587,5.010488407314298,EOC,Over expected
Levelland ISD,27240,2020-2024,Texas,60864.0,10723.0,LEVELLAND ISD,110902,Spring 2026,899,754.0,83.87096774193549,78.93087542237316,4.940092319562325,EOC,About expected
Paris ISD,34290,2020-2024,Texas,46246.0,4128.0,PARIS ISD,139909,Spring 2026,1247,1015.0,81.3953488372093,76.59504893604706,4.800299901162234,EOC,About expected
Caddo Mills ISD,12390,2020-2024,Texas,107083.0,13870.0,CADDO MILLS ISD,116901,Spring 2026,1228,1118.0,91.04234527687296,86.3162608630289,4.726084413844063,EOC,About expected
Grapevine-Colleyville ISD,21660,2020-2024,Texas,117626.0,6703.0,GRAPEVINE-COLLEYVILLE ISD,220906,Spring 2026,5943,5508.0,92.68046441191318,88.00093856485788,4.679525847055302,EOC,About expected
Clear Creek ISD,14280,2020-2024,Texas,102389.0,2875.0,CLEAR CREEK ISD,084910,Spring 2026,16426,14820.0,90.22281748447584,85.56620137973333,4.656616104742511,EOC,About expected
Bushland ISD,35570,2020-2024,Texas,114535.0,12663.0,BUSHLAND ISD,188904,Spring 2026,573,528.0,92.14659685863874,87.50702423531663,4.63957262332211,EOC,About expected
Sinton ISD,40350,2020-2024,Texas,52984.0,10901.0,SINTON ISD,205906,Spring 2026,683,562.0,82.28404099560761,77.67172145382413,4.612319541783478,EOC,About expected
Brownwood ISD,11700,2020-2024,Texas,51765.0,8092.0,BROWNWOOD ISD,025902,Spring 2026,1138,934.0,82.0738137082601,77.47693608736967,4.596877620890439,EOC,About expected
Ponder ISD,35310,2020-2024,Texas,101603.0,15704.0,PONDER ISD,061906,Spring 2026,728,655.0,89.97252747252747,85.44060556510395,4.5319219074235235,EOC,About expected
Vidor ISD,44160,2020-2024,Texas,71507.0,6045.0,VIDOR ISD,181907,Spring 2026,1544,1314.0,85.10362694300518,80.63153223547815,4.4720947075270345,EOC,About expected
Robinson ISD,37410,2020-2024,Texas,108023.0,14875.0,ROBINSON ISD,161922,Spring 2026,947,860.0,90.8130939809926,86.46646450902333,4.34662947196928,EOC,About expected
Sweeny ISD,41970,2020-2024,Texas,74896.0,18561.0,SWEENY ISD,020906,Spring 2026,690,590.0,85.5072463768116,81.17306431662188,4.334182060189718,EOC,About expected
Raymondville ISD,36540,2020-2024,Texas,53978.0,10729.0,RAYMONDVILLE ISD,245903,Spring 2026,734,603.0,82.1525885558583,77.8305538199076,4.3220347359506945,EOC,About expected
Comal ISD,14730,2020-2024,Texas,110926.0,3282.0,COMAL ISD,046902,Spring 2026,12369,11287.0,91.25232435928532,86.93033810936569,4.321986249919632,EOC,About expected
Galena Park ISD,20250,2020-2024,Texas,57350.0,5533.0,GALENA PARK ISD,101910,Spring 2026,8365,6917.0,82.68977884040646,78.36936945213442,4.32040938827204,EOC,About expected
Groesbeck ISD,21810,2020-2024,Texas,61788.0,4016.0,GROESBECK ISD,147902,Spring 2026,541,451.0,83.3641404805915,79.07852241056342,4.285618070028079,EOC,About expected
Pine Tree ISD,34980,2020-2024,Texas,68743.0,3790.0,PINE TREE ISD,092904,Spring 2026,1700,1436.0,84.47058823529412,80.18986959980943,4.280718635484689,EOC,About expected
Belton ISD,9860,2020-2024,Texas,85617.0,4383.0,BELTON ISD,014903,Spring 2026,5594,4871.0,87.07543796925276,82.88618483652213,4.189253132730627,EOC,About expected
Allen ISD,7890,2020-2024,Texas,127415.0,8544.0,ALLEN ISD,043901,Spring 2026,8436,7909.0,93.7529634898056,89.5651337676658,4.187829722139796,EOC,About expected
Little Cypress-Mauriceville CISD,27690,2020-2024,Texas,78503.0,12030.0,LITTLE CYPRESS-MAURICEVILLE CISD,181908,Spring 2026,1301,1118.0,85.93389700230591,81.7494308603473,4.184466141958609,EOC,About expected
Granbury ISD,21390,2020-2024,Texas,88608.0,6507.0,GRANBURY ISD,111901,Spring 2026,3023,2646.0,87.52894475686405,83.36412005478738,4.164824702076672,EOC,About expected
Lampasas ISD,26640,2020-2024,Texas,80703.0,7640.0,LAMPASAS ISD,141901,Spring 2026,1409,1215.0,86.23136976579134,82.10097130841936,4.130398457371982,EOC,About expected
Crystal City ISD,15930,2020-2024,Texas,37417.0,9081.0,CRYSTAL CITY ISD,254901,Spring 2026,612,485.0,79.24836601307189,75.18425320148879,4.064112811583101,EOC,About expected
Gunter ISD,21960,2020-2024,Texas,133000.0,28089.0,GUNTER ISD,091917,Spring 2026,526,497.0,94.48669201520912,90.45756713243055,4.029124882778561,EOC,About expected
"Northside ISD (Bandera, Bexar, and Medina Counties)",33120,2020-2024,Texas,80406.0,1191.0,NORTHSIDE ISD,015915,Spring 2026,40269,34654.0,86.05627157366709,82.05351334792962,4.002758225737466,EOC,About expected
Cuero ISD,15960,2020-2024,Texas,65679.0,8344.0,CUERO ISD,062901,Spring 2026,767,642.0,83.70273794002607,79.7002696303127,4.002468309713365,EOC,About expected
Amarillo ISD,8130,2020-2024,Texas,60371.0,2660.0,AMARILLO ISD,188901,Spring 2026,10558,8747.0,82.84713013828376,78.85209840378246,3.9950317345012962,EOC,About expected
North East ISD,32940,2020-2024,Texas,79074.0,1581.0,NORTH EAST ISD,015910,Spring 2026,22817,19556.0,85.7080247184117,81.84067158573328,3.8673531326784314,EOC,About expected
Dickinson ISD,17070,2020-2024,Texas,83295.0,5974.0,DICKINSON ISD,084901,Spring 2026,4962,4278.0,86.21523579201936,82.51514987269336,3.700085919326,EOC,About expected
Joshua ISD,24930,2020-2024,Texas,94155.0,7917.0,JOSHUA ISD,126905,Spring 2026,2332,2051.0,87.95025728987993,84.25048135726726,3.699775932612667,EOC,About expected
Seminole ISD,39750,2020-2024,Texas,78443.0,9157.0,SEMINOLE ISD,083903,Spring 2026,1077,920.0,85.42246982358404,81.7398433935817,3.682626430002344,EOC,About expected
Fredericksburg ISD,19840,2020-2024,Texas,75388.0,7856.0,FREDERICKSBURG ISD,086901,Spring 2026,1326,1126.0,84.91704374057315,81.25168154409981,3.665362196473339,EOC,About expected
Aransas Pass ISD,8580,2020-2024,Texas,59583.0,6885.0,ARANSAS PASS ISD,205901,Spring 2026,573,472.0,82.37347294938918,78.72618300692757,3.6472899424616116,EOC,About expected
Montgomery ISD,31260,2020-2024,Texas,114127.0,13058.0,MONTGOMERY ISD,170903,Spring 2026,4158,3787.0,91.07744107744108,87.44182946131053,3.6356116161305465,EOC,About expected
Pharr-San Juan-Alamo ISD,34860,2020-2024,Texas,53932.0,3559.0,PHARR-SAN JUAN-ALAMO ISD,108909,Spring 2026,11596,9443.0,81.4332528458089,77.82320342872065,3.6100494170882484,EOC,About expected
Rains ISD,36360,2020-2024,Texas,66272.0,4534.0,RAINS ISD,190903,Spring 2026,582,485.0,83.33333333333334,79.7950257601794,3.5383075731539435,EOC,About expected
Kirbyville CISD,25710,2020-2024,Texas,61378.0,16535.0,KIRBYVILLE CISD,121905,Spring 2026,526,434.0,82.50950570342205,79.01300805433182,3.49649764909023,EOC,About expected
Borger ISD,10890,2020-2024,Texas,65614.0,9997.0,BORGER ISD,117901,Spring 2026,868,722.0,83.17972350230414,79.6898832079833,3.4898402943208424,EOC,About expected
Pearland ISD,34440,2020-2024,Texas,114890.0,5310.0,PEARLAND ISD,020908,Spring 2026,9141,8323.0,91.05130729679466,87.56375008034644,3.4875572164482236,EOC,About expected
Rusk ISD,38360,2020-2024,Texas,67303.0,9957.0,RUSK ISD,037907,Spring 2026,746,622.0,83.37801608579089,79.95977039743498,3.41824568835591,EOC,About expected
Barbers Hill ISD,9450,2020-2024,Texas,128353.0,14741.0,BARBERS HILL ISD,036902,Spring 2026,3051,2841.0,93.11701081612586,89.7150178314347,3.4019929846911623,EOC,About expected
Palacios ISD,34020,2020-2024,Texas,64922.0,7479.0,PALACIOS ISD,158905,Spring 2026,580,481.0,82.93103448275862,79.57930775795336,3.3517267248052605,EOC,About expected
Peaster ISD,34500,2020-2024,Texas,118199.0,18763.0,PEASTER ISD,184908,Spring 2026,592,541.0,91.38513513513512,88.09249887246938,3.292636262665738,EOC,About expected
Marion ISD,29100,2020-2024,Texas,84853.0,11833.0,MARION ISD,094904,Spring 2026,709,610.0,86.03667136812412,82.76410442637348,3.2725669417506396,EOC,About expected
El Campo ISD,18280,2020-2024,Texas,70550.0,8735.0,EL CAMPO ISD,241903,Spring 2026,1303,1091.0,83.7298541826554,80.4786121405668,3.251242042088606,EOC,About expected
Cypress-Fairbanks ISD,16110,2020-2024,Texas,92879.0,1658.0,CYPRESS-FAIRBANKS ISD,101907,Spring 2026,46907,40926.0,87.24923785362526,84.04658789738546,3.202649956239796,EOC,About expected
Tomball ISD,42960,2020-2024,Texas,128054.0,12381.0,TOMBALL ISD,101921,Spring 2026,9269,8603.0,92.8147588736649,89.66724028871946,3.147518584945445,EOC,About expected
Rockwall ISD,37650,2020-2024,Texas,128088.0,5657.0,ROCKWALL ISD,199901,Spring 2026,7609,7060.0,92.78486003417004,89.6726731865533,3.1121868476167407,EOC,About expected
Los Fresnos CISD,28290,2020-2024,Texas,69593.0,5023.0,LOS FRESNOS CISD,031906,Spring 2026,2723,2271.0,83.40066103562248,80.32569204565544,3.074968989967033,EOC,About expected
Deer Park ISD,16530,2020-2024,Texas,91636.0,7014.0,DEER PARK ISD,101908,Spring 2026,5043,4383.0,86.9125520523498,83.84796754422474,3.0645845081250513,EOC,About expected
Palestine ISD,34050,2020-2024,Texas,58908.0,8775.0,PALESTINE ISD,001907,Spring 2026,1261,1030.0,81.68120539254559,78.61832400581454,3.06288138673105,EOC,About expected
Katy ISD,25170,2020-2024,Texas,115908.0,3939.0,KATY ISD,101914,Spring 2026,39251,35633.0,90.78240044839622,87.72641743313615,3.055983015260068,EOC,About expected
Clint ISD,14430,2020-2024,Texas,55527.0,3786.0,CLINT ISD,071901,Spring 2026,3963,3214.0,81.10017663386323,78.07807025357289,3.0221063802903387,EOC,About expected
Canyon ISD,12810,2020-2024,Texas,94955.0,3167.0,CANYON ISD,191901,Spring 2026,4640,4051.0,87.30603448275862,84.37831424747529,2.9277202352833314,EOC,About expected
Sanger ISD,39180,2020-2024,Texas,99490.0,12636.0,SANGER ISD,061908,Spring 2026,1115,981.0,87.98206278026906,85.102966943842,2.879095836427055,EOC,About expected
Wylie ISD (Collin County),46530,2020-2024,Texas,132443.0,6682.0,WYLIE ISD,043914,Spring 2026,7777,7250.0,93.22360807509322,90.36856348262322,2.8550445924700085,EOC,About expected
Troy ISD,43260,2020-2024,Texas,84079.0,15335.0,TROY ISD,014910,Spring 2026,674,576.0,85.45994065281899,82.64042610509722,2.8195145477217665,EOC,About expected
Lubbock ISD,28500,2020-2024,Texas,53614.0,2024.0,LUBBOCK ISD,152901,Spring 2026,8651,6972.0,80.59183909374639,77.77238985486295,2.8194492388834362,EOC,About expected
Valley View ISD (Hidalgo County),43800,2020-2024,Texas,60951.0,6120.0,VALLEY VIEW ISD,108916,Spring 2026,1392,1138.0,81.75287356321839,78.94477724918329,2.8080963140350974,EOC,About expected
Luling ISD,28590,2020-2024,Texas,58684.0,5407.0,LULING ISD,028903,Spring 2026,526,428.0,81.36882129277566,78.5825307965563,2.7862904962193653,EOC,About expected
Brock ISD,11460,2020-2024,Texas,142130.0,28797.0,BROCK ISD,184909,Spring 2026,763,722.0,94.6264744429882,91.91645999192961,2.7100144510585835,EOC,About expected
Boerne ISD,10710,2020-2024,Texas,136279.0,10659.0,BOERNE ISD,130901,Spring 2026,4470,4188.0,93.69127516778524,90.98152219117068,2.7097529766145527,EOC,About expected
Burkburnett ISD,12120,2020-2024,Texas,81172.0,10068.0,BURKBURNETT ISD,243901,Spring 2026,1143,969.0,84.7769028871391,82.17591334030381,2.6009895468352937,EOC,About expected
Quinlan ISD,36240,2020-2024,Texas,68859.0,8176.0,QUINLAN ISD,116908,Spring 2026,1124,930.0,82.74021352313167,80.20840536888959,2.5318081542420856,EOC,About expected
Sharyland ISD,39930,2020-2024,Texas,72238.0,6831.0,SHARYLAND ISD,108911,Spring 2026,2644,2201.0,83.24508320726173,80.74833953890573,2.496743668356004,EOC,About expected
Frisco ISD,20010,2020-2024,Texas,144206.0,2934.0,FRISCO ISD,043905,Spring 2026,27026,25605.0,94.7421001998076,92.24818634201942,2.493913857788172,EOC,About expected
La Vernia ISD,26310,2020-2024,Texas,115669.0,9735.0,LA VERNIA ISD,247903,Spring 2026,1444,1302.0,90.1662049861496,87.6882273571865,2.477977628963089,EOC,About expected
Grand Saline ISD,21450,2020-2024,Texas,58750.0,11882.0,GRAND SALINE ISD,234904,Spring 2026,500,405.0,81.0,78.59307700999847,2.406922990001533,EOC,About expected
Rio Hondo ISD,37170,2020-2024,Texas,54190.0,12463.0,RIO HONDO ISD,031911,Spring 2026,559,448.0,80.14311270125224,77.86442953581273,2.278683165439503,EOC,About expected
Bandera ISD,9360,2020-2024,Texas,75021.0,7414.0,BANDERA ISD,010902,Spring 2026,850,709.0,83.41176470588235,81.19303820571687,2.2187265001654737,EOC,About expected
Frenship ISD,19830,2020-2024,Texas,77793.0,3734.0,FRENSHIP ISD,152907,Spring 2026,4645,3894.0,83.83207750269106,81.63597917028768,2.1960983324033805,EOC,About expected
Copperas Cove ISD,15240,2020-2024,Texas,73120.0,3572.0,COPPERAS COVE ISD,050910,Spring 2026,3024,2507.0,82.90343915343915,80.88927530036007,2.014163853079083,EOC,About expected
Bowie ISD,10990,2020-2024,Texas,66461.0,6904.0,BOWIE ISD,169901,Spring 2026,572,468.0,81.81818181818183,79.82522628049104,1.99295553769079,EOC,About expected
Port Neches-Groves ISD,35430,2020-2024,Texas,81914.0,8598.0,PORT NECHES-GROVES ISD,123908,Spring 2026,2132,1797.0,84.28705440900562,82.29447834597175,1.9925760630338658,EOC,About expected
Alvarado ISD,11,2020-2024,Texas,80826.0,10732.0,ALVARADO ISD,126901,Spring 2026,1479,1244.0,84.1108857336038,82.12062561528884,1.99026011831495,EOC,About expected
New Braunfels ISD,32370,2020-2024,Texas,98942.0,6666.0,NEW BRAUNFELS ISD,046901,Spring 2026,4054,3527.0,87.0004933399112,85.0154014140495,1.9850919258616955,EOC,About expected
Lancaster ISD,26670,2020-2024,Texas,69151.0,7883.0,LANCASTER ISD,057913,Spring 2026,2600,2138.0,82.23076923076923,80.25506437381551,1.975704856953712,EOC,About expected
Lamesa ISD,26610,2020-2024,Texas,51358.0,12128.0,LAMESA ISD,058906,Spring 2026,565,448.0,79.29203539823008,77.41190110447633,1.8801342937537555,EOC,About expected
Winnsboro ISD,46200,2020-2024,Texas,60662.0,12105.0,WINNSBORO ISD,250907,Spring 2026,592,478.0,80.74324324324324,78.89859761759564,1.8446456256476012,EOC,About expected
Ferris ISD,19170,2020-2024,Texas,81786.0,20382.0,FERRIS ISD,070905,Spring 2026,1167,981.0,84.06169665809769,82.27402508353848,1.7876715745592122,EOC,About expected
Lake Dallas ISD,26430,2020-2024,Texas,105650.0,8013.0,LAKE DALLAS ISD,061912,Spring 2026,1572,1381.0,87.8498727735369,86.08728019844378,1.762592575093123,EOC,About expected
Weslaco ISD,44960,2020-2024,Texas,57881.0,3444.0,WESLACO ISD,108913,Spring 2026,6497,5210.0,80.19085731876251,78.45421853300999,1.7366387857525183,EOC,About expected
Round Rock ISD,38080,2020-2024,Texas,108174.0,2738.0,ROUND ROCK ISD,246909,Spring 2026,18461,16280.0,88.18590542224149,86.49059296705009,1.6953124551913987,EOC,About expected
Carrizo Springs CISD,12990,2020-2024,Texas,38808.0,8956.0,CARRIZO SPRINGS CISD,064903,Spring 2026,719,554.0,77.05146036161335,75.40652263933798,1.6449377222753725,EOC,About expected
Andrews ISD,8280,2020-2024,Texas,72242.0,9282.0,ANDREWS ISD,002901,Spring 2026,1615,1330.0,82.35294117647058,80.74897870335676,1.6039624731138247,EOC,About expected
Bay City ISD,9630,2020-2024,Texas,57915.0,6358.0,BAY CITY ISD,158901,Spring 2026,1298,1039.0,80.0462249614792,78.45965143084383,1.5865735306353628,EOC,About expected
La Feria ISD,26040,2020-2024,Texas,49870.0,6407.0,LA FERIA ISD,031905,Spring 2026,1097,864.0,78.7602552415679,77.1741319286894,1.5861233128784988,EOC,About expected
Corpus Christi ISD,15270,2020-2024,Texas,63920.0,1407.0,CORPUS CHRISTI ISD,178904,Spring 2026,12808,10359.0,80.8791380387258,79.41919706296781,1.4599409757579878,EOC,About expected
Cameron ISD,12640,2020-2024,Texas,64127.0,8610.0,CAMERON ISD,166901,Spring 2026,544,440.0,80.88235294117648,79.45227382330913,1.4300791178673506,EOC,About expected
Gladewater ISD,20760,2020-2024,Texas,62593.0,6403.0,GLADEWATER ISD,092901,Spring 2026,597,481.0,80.56951423785594,79.20715425633524,1.3623599815206973,EOC,About expected
Burnet CISD,12220,2020-2024,Texas,79893.0,6528.0,BURNET CISD,027903,Spring 2026,1314,1095.0,83.33333333333334,81.97154050708373,1.3617928262496122,EOC,About expected
Klein ISD,25740,2020-2024,Texas,95905.0,3629.0,KLEIN ISD,101915,Spring 2026,22118,18989.0,85.85315127950086,84.5301158045973,1.3230354749035627,EOC,About expected
Navarro ISD,32160,2020-2024,Texas,98125.0,12252.0,NAVARRO ISD,094903,Spring 2026,1114,960.0,86.17594254937163,84.88485207492457,1.29109047444706,EOC,About expected
Keller ISD,25260,2020-2024,Texas,122192.0,5501.0,KELLER ISD,220907,Spring 2026,12704,11434.0,90.00314861460957,88.73054478572017,1.2726038288894017,EOC,About expected
Friendswood ISD,19950,2020-2024,Texas,149590.0,9820.0,FRIENDSWOOD ISD,084911,Spring 2026,2526,2384.0,94.37846397466348,93.10850169311942,1.2699622815440534,EOC,About expected
Houston ISD,23640,2020-2024,Texas,67518.0,1067.0,HOUSTON ISD,101912,Spring 2026,64546,52446.0,81.25367954637002,79.99412548667839,1.259554059691638,EOC,About expected
Brenham ISD,11280,2020-2024,Texas,75639.0,6066.0,BRENHAM ISD,239901,Spring 2026,1944,1604.0,82.51028806584361,81.29178911340257,1.2184989524410383,EOC,About expected
Conroe ISD,15000,2020-2024,Texas,98985.0,3188.0,CONROE ISD,170902,Spring 2026,29058,25055.0,86.22410351710373,85.02227243189819,1.2018310852055407,EOC,About expected
Lyford CISD,28620,2020-2024,Texas,43954.0,18061.0,LYFORD CISD,245902,Spring 2026,571,442.0,77.40805604203153,76.22880770560108,1.1792483364304474,EOC,About expected
El Paso ISD,18300,2020-2024,Texas,54425.0,1950.0,EL PASO ISD,071902,Spring 2026,21963,17355.0,79.01925966398034,77.90198044731135,1.1172792166689902,EOC,About expected
Killeen ISD,25660,2020-2024,Texas,64887.0,2567.0,KILLEEN ISD,014906,Spring 2026,14711,11859.0,80.6131466249745,79.57371506900675,1.0394315559677523,EOC,About expected
Lamar CISD,26580,2020-2024,Texas,109349.0,5441.0,LAMAR CISD,079901,Spring 2026,18940,16607.0,87.68215417106653,86.67834752454313,1.003806646523401,EOC,About expected
United ISD,43650,2020-2024,Texas,74662.0,3113.0,UNITED ISD,240903,Spring 2026,9168,7530.0,82.13350785340315,81.13567319623603,0.9978346571671182,EOC,About expected
Birdville ISD,10230,2020-2024,Texas,79643.0,3395.0,BIRDVILLE ISD,220902,Spring 2026,8919,7392.0,82.87924655230407,81.93159272889373,0.9476538234103344,EOC,About expected
Aledo ISD,7780,2020-2024,Texas,156900.0,10109.0,ALEDO ISD,184907,Spring 2026,3110,2961.0,95.20900321543408,94.27657472739523,0.9324284880388518,EOC,About expected
Melissa ISD,30120,2020-2024,Texas,138846.0,7879.0,MELISSA ISD,043908,Spring 2026,2874,2653.0,92.31036882393876,91.39170597762568,0.918662846313083,EOC,About expected
Sulphur Springs ISD,41820,2020-2024,Texas,71546.0,6979.0,SULPHUR SPRINGS ISD,112901,Spring 2026,1599,1304.0,81.5509693558474,80.63776408887578,0.913205266971616,EOC,About expected
Central ISD,13500,2020-2024,Texas,82534.0,16849.0,CENTRAL ISD,003907,Spring 2026,539,449.0,83.30241187384044,82.39354883588297,0.9088630379574738,EOC,About expected
San Felipe-Del Rio CISD,38900,2020-2024,Texas,66104.0,5302.0,SAN FELIPE-DEL RIO CISD,233901,Spring 2026,3761,3034.0,80.67003456527519,79.7681808532357,0.9018537120394825,EOC,About expected
Alvin ISD,8090,2020-2024,Texas,107257.0,7261.0,ALVIN ISD,020901,Spring 2026,12236,10675.0,87.24256292906179,86.34406451664915,0.8984984124126356,EOC,About expected
Navasota ISD,32190,2020-2024,Texas,68088.0,5637.0,NAVASOTA ISD,093904,Spring 2026,1260,1020.0,80.95238095238095,80.08520642095161,0.8671745314293418,EOC,About expected
Coppell ISD,15210,2020-2024,Texas,160589.0,10919.0,COPPELL ISD,057922,Spring 2026,5488,5252.0,95.69970845481048,94.86604414236697,0.8336643124435028,EOC,About expected
Abilene ISD,7440,2020-2024,Texas,58822.0,1489.0,ABILENE ISD,221901,Spring 2026,5147,4087.0,79.40547891975909,78.60458197011718,0.8008969496419098,EOC,About expected
North Lamar ISD,33010,2020-2024,Texas,81750.0,12935.0,NORTH LAMAR ISD,139911,Spring 2026,908,754.0,83.03964757709251,82.2682726034791,0.7713749736134048,EOC,About expected
Smithville ISD,40550,2020-2024,Texas,72758.0,8078.0,SMITHVILLE ISD,011904,Spring 2026,695,567.0,81.58273381294964,80.83143091754093,0.7513028954087133,EOC,About expected
Mansfield ISD,28920,2020-2024,Texas,113158.0,3716.0,MANSFIELD ISD,220908,Spring 2026,14997,13200.0,88.01760352070414,87.28699187304608,0.7306116476580655,EOC,About expected
Pasadena ISD,34320,2020-2024,Texas,63162.0,2316.0,PASADENA ISD,101917,Spring 2026,18865,15074.0,79.90458521070765,79.2980753994957,0.60650981121195,EOC,About expected
Spring Branch ISD,41100,2020-2024,Texas,87141.0,3816.0,SPRING BRANCH ISD,101920,Spring 2026,12272,10272.0,83.70273794002607,83.12970649236843,0.573031447657641,EOC,About expected
Medina Valley ISD,30060,2020-2024,Texas,99115.0,6604.0,MEDINA VALLEY ISD,163908,Spring 2026,3917,3352.0,85.57569568547358,85.043045276557,0.5326504089165809,EOC,About expected
Pampa ISD,34170,2020-2024,Texas,57351.0,6603.0,PAMPA ISD,090904,Spring 2026,1305,1028.0,78.77394636015326,78.36952924324719,0.4044171169060746,EOC,About expected
Lovejoy ISD,28380,2020-2024,Texas,181170.0,30114.0,LOVEJOY ISD,043919,Spring 2026,1857,1829.0,98.4921917070544,98.1547050340811,0.3374866729732986,EOC,About expected
Burleson ISD,12180,2020-2024,Texas,95274.0,6468.0,BURLESON ISD,126902,Spring 2026,5415,4588.0,84.72760849492151,84.42928761244573,0.29832088247577815,EOC,About expected
Kilgore ISD,25620,2020-2024,Texas,69261.0,11510.0,KILGORE ISD,092902,Spring 2026,1482,1194.0,80.5668016194332,80.27264139621911,0.2941602232140923,EOC,About expected
Stafford MSD,41350,2020-2024,Texas,84545.0,11868.0,STAFFORD MSD,079910,Spring 2026,1545,1282.0,82.97734627831716,82.71488876364339,0.26245751467376977,EOC,About expected
Bridge City ISD,11310,2020-2024,Texas,93152.0,11363.0,BRIDGE CITY ISD,181901,Spring 2026,1162,980.0,84.33734939759037,84.09021087116895,0.24713852642142342,EOC,About expected
Castleberry ISD,13170,2020-2024,Texas,61935.0,4622.0,CASTLEBERRY ISD,220917,Spring 2026,1534,1217.0,79.33507170795306,79.10201170413916,0.2330600038139039,EOC,About expected
Salado ISD,38580,2020-2024,Texas,114190.0,18097.0,SALADO ISD,014908,Spring 2026,1086,952.0,87.66114180478822,87.45189630141442,0.20924550337379344,EOC,About expected
Magnolia ISD,28740,2020-2024,Texas,107283.0,8534.0,MAGNOLIA ISD,170906,Spring 2026,5896,5102.0,86.53324287652646,86.34821908558091,0.1850237909455501,EOC,About expected
Anahuac ISD,8190,2020-2024,Texas,75500.0,16880.0,ANAHUAC ISD,036901,Spring 2026,576,469.0,81.42361111111111,81.26957814872893,0.154032962382189,EOC,About expected
Tyler ISD,43470,2020-2024,Texas,67521.0,3482.0,TYLER ISD,212905,Spring 2026,7253,5813.0,80.14614642217013,79.99460486001666,0.1515415621534686,EOC,About expected
Fort Bend ISD,19650,2020-2024,Texas,105638.0,3226.0,FORT BEND ISD,079907,Spring 2026,34630,29859.0,86.2229280970257,86.08536270509066,0.13756539193504125,EOC,About expected
Poteet ISD,35520,2020-2024,Texas,62625.0,26771.0,POTEET ISD,007906,Spring 2026,671,532.0,79.28464977645305,79.21226757194357,0.07238220450948063,EOC,About expected
Huntsville ISD,24030,2020-2024,Texas,50985.0,4069.0,HUNTSVILLE ISD,236902,Spring 2026,6790,5257.0,77.42268041237114,77.35229901941685,0.07038139295428891,EOC,About expected
Edinburg CISD,18180,2020-2024,Texas,58501.0,3250.0,EDINBURG CISD,108904,Spring 2026,12357,9714.0,78.61131342558873,78.55328902292122,0.058024402667513186,EOC,About expected
Robstown ISD,37440,2020-2024,Texas,41182.0,8362.0,ROBSTOWN ISD,178909,Spring 2026,927,703.0,75.83603020496224,75.78586674103029,0.050163463931951924,EOC,About expected
Progreso ISD,35910,2020-2024,Texas,39806.0,30179.0,PROGRESO ISD,108910,Spring 2026,652,493.0,75.61349693251533,75.56599416987248,0.047502762642849916,EOC,About expected
Waxahachie ISD,44730,2020-2024,Texas,89058.0,6296.0,WAXAHACHIE ISD,070912,Spring 2026,4671,3898.0,83.45108113894241,83.4360260555294,0.0150550834130172,EOC,About expected
Leander ISD,27030,2020-2024,Texas,133971.0,3764.0,LEANDER ISD,246913,Spring 2026,17085,15483.0,90.6233538191396,90.61272430292054,0.010629516219054835,EOC,About expected
Azle ISD,9200,2020-2024,Texas,91843.0,6447.0,AZLE ISD,220915,Spring 2026,2858,2397.0,83.86983904828551,83.88104430456607,-0.01120525628056157,EOC,About expected
Henderson ISD,22970,2020-2024,Texas,69754.0,6816.0,HENDERSON ISD,201902,Spring 2026,1243,998.0,80.28962188254224,80.35141841480981,-0.06179653226757864,EOC,About expected
McKinney ISD,29850,2020-2024,Texas,118747.0,5821.0,MCKINNEY ISD,043907,Spring 2026,9846,8669.0,88.04590696729636,88.18006440226188,-0.13415743496551613,EOC,About expected
Godley ISD,20960,2020-2024,Texas,92786.0,13470.0,GODLEY ISD,126911,Spring 2026,1256,1053.0,83.8375796178344,84.03172732389878,-0.1941477060643848,EOC,About expected
Mission CISD,31040,2020-2024,Texas,51194.0,3110.0,MISSION CISD,108908,Spring 2026,5238,4042.0,77.1668575792287,77.3856953619837,-0.21883778275498855,EOC,About expected
Plainview ISD,35070,2020-2024,Texas,47663.0,6076.0,PLAINVIEW ISD,095905,Spring 2026,1737,1328.0,76.45365572826712,76.82147294282802,-0.3678172145609011,EOC,About expected
Weatherford ISD,44800,2020-2024,Texas,82141.0,9304.0,WEATHERFORD ISD,184903,Spring 2026,3197,2620.0,81.95182984047544,82.33075092856828,-0.378921088092838,EOC,About expected
Midlothian ISD,30600,2020-2024,Texas,131167.0,8483.0,MIDLOTHIAN ISD,070908,Spring 2026,4830,4336.0,89.77225672877847,90.16467002274142,-0.3924132939629459,EOC,About expected
Jourdanton ISD,24960,2020-2024,Texas,77866.0,9472.0,JOURDANTON ISD,007902,Spring 2026,645,524.0,81.24031007751938,81.64764392151916,-0.4073338439997798,EOC,About expected
Beeville ISD,9720,2020-2024,Texas,58154.0,6184.0,BEEVILLE ISD,013901,Spring 2026,1150,898.0,78.08695652173913,78.49784150679349,-0.4108849850543663,EOC,About expected
Point Isabel ISD,35250,2020-2024,Texas,62596.0,4846.0,POINT ISABEL ISD,031909,Spring 2026,745,587.0,78.79194630872483,79.20763362967352,-0.41568732094869176,EOC,About expected
Decatur ISD,16500,2020-2024,Texas,94259.0,4907.0,DECATUR ISD,249905,Spring 2026,1480,1241.0,83.85135135135135,84.2670996329943,-0.41574828164294786,EOC,About expected
Commerce ISD,14820,2020-2024,Texas,56946.0,10069.0,COMMERCE ISD,116903,Spring 2026,549,427.0,77.77777777777779,78.30481384257936,-0.5270360648015782,EOC,About expected
Dallas ISD,16230,2020-2024,Texas,70951.0,944.0,DALLAS ISD,057905,Spring 2026,48711,38936.0,79.93266407998193,80.54268837678356,-0.6100242968016261,EOC,About expected
Sealy ISD,39630,2020-2024,Texas,70417.0,7909.0,SEALY ISD,008902,Spring 2026,1254,1001.0,79.82456140350878,80.45735992256971,-0.6327985190609269,EOC,About expected
Bellville ISD,9810,2020-2024,Texas,98899.0,7995.0,BELLVILLE ISD,008901,Spring 2026,1017,858.0,84.36578171091446,85.00853039620083,-0.6427486852863638,EOC,About expected
Sheldon ISD,39990,2020-2024,Texas,61538.0,5730.0,SHELDON ISD,101924,Spring 2026,4727,3704.0,78.35836682885551,79.03857463237343,-0.6802078035179164,EOC,About expected
Hays CISD,10,2020-2024,Texas,101693.0,4474.0,HAYS CISD,105906,Spring 2026,9747,8259.0,84.73376423514928,85.45498676525236,-0.721222530103077,EOC,About expected
Calhoun County ISD,12480,2020-2024,Texas,79959.0,8800.0,CALHOUN COUNTY ISD,029901,Spring 2026,1317,1070.0,81.2452543659833,81.9820867205259,-0.7368323545425994,EOC,About expected
Bridgeport ISD,11340,2020-2024,Texas,88929.0,16654.0,BRIDGEPORT ISD,249903,Spring 2026,874,722.0,82.6086956521739,83.41541300198335,-0.8067173498094462,EOC,About expected
Schertz-Cibolo-Universal City ISD,39480,2020-2024,Texas,105726.0,3973.0,SCHERTZ-CIBOLO-U CITY ISD,094902,Spring 2026,7162,6107.0,85.26947779949735,86.09942432301355,-0.8299465235161989,EOC,About expected
Livingston ISD,27780,2020-2024,Texas,63607.0,6529.0,LIVINGSTON ISD,187907,Spring 2026,1529,1200.0,78.48266841072596,79.36918244467392,-0.8865140339479609,EOC,About expected
Lake Travis ISD,26470,2020-2024,Texas,156087.0,14563.0,LAKE TRAVIS ISD,227913,Spring 2026,4211,3927.0,93.2557587271432,94.14666455272132,-0.8909058255781162,EOC,About expected
Humble ISD,23910,2020-2024,Texas,106433.0,4036.0,HUMBLE ISD,101913,Spring 2026,20798,17720.0,85.20050004808155,86.21239663973489,-1.0118965916533398,EOC,About expected
Sunnyvale ISD,41880,2020-2024,Texas,170348.0,12486.0,SUNNYVALE ISD,057919,Spring 2026,965,920.0,95.33678756476684,96.42544561179209,-1.0886580470252483,EOC,About expected
Big Spring ISD,10200,2020-2024,Texas,68718.0,4133.0,BIG SPRING ISD,114901,Spring 2026,1099,869.0,79.07188353048225,80.18587482199042,-1.1139912915081709,EOC,About expected
Liberty ISD,27450,2020-2024,Texas,49397.0,12461.0,LIBERTY ISD,146906,Spring 2026,1103,837.0,75.8839528558477,77.09855073235391,-1.2145978765062182,EOC,About expected
Rockport-Fulton ISD,8550,2020-2024,Texas,75017.0,11582.0,ROCKPORT-FULTON ISD,004901,Spring 2026,1172,937.0,79.94880546075085,81.19239904126584,-1.2435935805149967,EOC,About expected
London ISD,27990,2020-2024,Texas,179913.0,30981.0,LONDON ISD,178906,Spring 2026,806,777.0,96.40198511166254,97.95384760534175,-1.5518624936792094,EOC,About expected
Angleton ISD,8310,2020-2024,Texas,86569.0,9989.0,ANGLETON ISD,020902,Spring 2026,3085,2512.0,81.42625607779578,83.03830597586969,-1.6120498980739058,EOC,About expected
Brownfield ISD,11610,2020-2024,Texas,42971.0,2708.0,BROWNFIELD ISD,223901,Spring 2026,610,454.0,74.42622950819671,76.07173304175798,-1.6455035335612678,EOC,About expected
Rio Grande City Grulla ISD,37140,2020-2024,Texas,42795.0,3412.0,RIO GRANDE CITY GRULLA ISD,214901,Spring 2026,3744,2784.0,74.35897435897436,76.04360980591221,-1.6846354469378468,EOC,About expected
Cleburne ISD,14310,2020-2024,Texas,72354.0,7731.0,CLEBURNE ISD,126903,Spring 2026,2708,2139.0,78.98818316100443,80.76687530798588,-1.7786921469814558,EOC,About expected
San Marcos CISD,38970,2020-2024,Texas,51780.0,2288.0,SAN MARCOS CISD,105902,Spring 2026,3015,2281.0,75.65505804311773,77.47933295406106,-1.8242749109433305,EOC,About expected
Northwest ISD,33180,2020-2024,Texas,127922.0,6842.0,NORTHWEST ISD,061911,Spring 2026,12265,10771.0,87.8189971463514,89.64614786183513,-1.8271507154837252,EOC,About expected
La Joya ISD,26130,2020-2024,Texas,46719.0,3503.0,LA JOYA ISD,108912,Spring 2026,8996,6730.0,74.81102712316586,76.67063013238257,-1.8596030092167126,EOC,About expected
Denison ISD,16710,2020-2024,Texas,71506.0,3541.0,DENISON ISD,091903,Spring 2026,1789,1409.0,78.75908328675237,80.63137244436538,-1.872289157613011,EOC,About expected
Argyle ISD,8670,2020-2024,Texas,180095.0,14742.0,ARGYLE ISD,061910,Spring 2026,2293,2201.0,95.98778892280856,97.98292958786408,-1.9951406650555157,EOC,About expected
Goose Creek CISD,21150,2020-2024,Texas,66497.0,3398.0,GOOSE CREEK CISD,101911,Spring 2026,9650,7508.0,77.80310880829016,79.8309787605504,-2.0278699522602324,EOC,About expected
Graham ISD,21360,2020-2024,Texas,75442.0,8910.0,GRAHAM ISD,252901,Spring 2026,888,703.0,79.16666666666666,81.26031026418885,-2.0936435975221883,EOC,About expected
Connally ISD,14970,2020-2024,Texas,56875.0,6972.0,CONNALLY ISD,161921,Spring 2026,743,566.0,76.17765814266487,78.29346867357341,-2.115810530908547,EOC,About expected
La Porte ISD,26190,2020-2024,Texas,90696.0,6916.0,LA PORTE ISD,101916,Spring 2026,2871,2342.0,81.57436433298503,83.69776389823032,-2.1233995652452933,EOC,About expected
Monahans-Wickett-Pyote ISD,31170,2020-2024,Texas,66026.0,19741.0,MONAHANS-WICKETT-PYOTE ISD,238902,Spring 2026,832,645.0,77.52403846153845,79.75571714644043,-2.231678684901979,EOC,About expected
Columbus ISD,14700,2020-2024,Texas,69875.0,17972.0,COLUMBUS ISD,045902,Spring 2026,670,523.0,78.05970149253731,80.37075313945377,-2.3110516469164537,EOC,About expected
Wichita Falls ISD,45780,2020-2024,Texas,58684.0,2996.0,WICHITA FALLS ISD,243905,Spring 2026,4783,3645.0,76.20740121262806,78.5825307965563,-2.375129583928242,EOC,About expected
Canutillo ISD,12780,2020-2024,Texas,81353.0,9999.0,CANUTILLO ISD,071907,Spring 2026,2120,1692.0,79.81132075471699,82.20483553171337,-2.3935147769963834,EOC,About expected
Prosper ISD,36000,2020-2024,Texas,174840.0,7313.0,PROSPER ISD,043912,Spring 2026,12739,12070.0,94.74841039328048,97.14322729031014,-2.3948168970296564,EOC,About expected
Pleasanton ISD,35190,2020-2024,Texas,66925.0,8049.0,PLEASANTON ISD,007905,Spring 2026,1305,1011.0,77.47126436781609,79.89936935681169,-2.4281049889955995,EOC,About expected
Mesquite ISD,30390,2020-2024,Texas,71595.0,3110.0,MESQUITE ISD,057914,Spring 2026,15906,12436.0,78.18433295611719,80.64559385340102,-2.461260897283836,EOC,About expected
Dripping Springs ISD,8,2020-2024,Texas,169874.0,15997.0,DRIPPING SPRINGS ISD,105904,Spring 2026,3356,3149.0,93.83194278903456,96.34970462434383,-2.5177618353092726,EOC,About expected
Aldine ISD,7710,2020-2024,Texas,52455.0,1482.0,ALDINE ISD,101902,Spring 2026,21718,16284.0,74.97927986002394,77.58719195517409,-2.607912095150155,EOC,About expected
Gainesville ISD,20220,2020-2024,Texas,59464.0,3576.0,GAINESVILLE ISD,049901,Spring 2026,1237,940.0,75.99029911075182,78.70716786450912,-2.7168687537572964,EOC,About expected
Willis ISD,45900,2020-2024,Texas,85618.0,6260.0,WILLIS ISD,170904,Spring 2026,3795,3040.0,80.10540184453228,82.8863446276349,-2.780942783102617,EOC,About expected
Hereford ISD,23010,2020-2024,Texas,60504.0,6568.0,HEREFORD ISD,059901,Spring 2026,1596,1212.0,75.93984962406014,78.87335062177955,-2.933500997719406,EOC,About expected
Plano ISD,35100,2020-2024,Texas,105159.0,2320.0,PLANO ISD,043910,Spring 2026,18201,15116.0,83.05038184715126,86.00882276207861,-2.958440914927351,EOC,About expected
Southside ISD,40920,2020-2024,Texas,63269.0,6564.0,SOUTHSIDE ISD,015917,Spring 2026,2364,1805.0,76.35363790186125,79.31517304856104,-2.961535146699788,EOC,About expected
Galveston ISD,20280,2020-2024,Texas,56708.0,3726.0,GALVESTON ISD,084902,Spring 2026,2720,2048.0,75.29411764705883,78.26678355774249,-2.9726659106836593,EOC,About expected
Richardson ISD,37020,2020-2024,Texas,78676.0,2509.0,RICHARDSON ISD,057916,Spring 2026,14050,11068.0,78.77580071174377,81.77707472285478,-3.0012740111110077,EOC,About expected
South San Antonio ISD,40680,2020-2024,Texas,52309.0,3979.0,SOUTH SAN ANTONIO ISD,015908,Spring 2026,2710,2020.0,74.53874538745387,77.56386245271112,-3.0251170652572483,EOC,About expected
Mexia ISD,30420,2020-2024,Texas,53498.0,5218.0,MEXIA ISD,147903,Spring 2026,680,508.0,74.70588235294117,77.75385408578279,-3.047971732841617,EOC,About expected
Rockdale ISD,37590,2020-2024,Texas,69555.0,12273.0,ROCKDALE ISD,166904,Spring 2026,536,414.0,77.23880597014924,80.31961998337056,-3.080814013221314,EOC,About expected
New Caney ISD,32400,2020-2024,Texas,85629.0,4794.0,NEW CANEY ISD,170908,Spring 2026,7949,6341.0,79.77104038243804,82.88810232987525,-3.1170619474372074,EOC,About expected
Garland ISD,20340,2020-2024,Texas,82979.0,2461.0,GARLAND ISD,057909,Spring 2026,20839,16535.0,79.34641777436538,82.46465588106119,-3.118238106695813,EOC,About expected
Llano ISD,27810,2020-2024,Texas,71798.0,8756.0,LLANO ISD,150901,Spring 2026,683,529.0,77.45241581259151,80.67803144929131,-3.2256156366998,EOC,About expected
Sherman ISD,40080,2020-2024,Texas,59463.0,6751.0,SHERMAN ISD,091906,Spring 2026,2889,2180.0,75.45863620629976,78.70700807339637,-3.2483718670966084,EOC,About expected
Dayton ISD,16410,2020-2024,Texas,83472.0,6783.0,DAYTON ISD,146902,Spring 2026,2377,1883.0,79.2175010517459,82.54343289965188,-3.325931847905977,EOC,About expected
Denton ISD,16740,2020-2024,Texas,90602.0,2853.0,DENTON ISD,061901,Spring 2026,13198,10604.0,80.34550689498408,83.68274353363088,-3.3372366386468,EOC,About expected
Mercedes ISD,30250,2020-2024,Texas,37280.0,12050.0,MERCEDES ISD,108907,Spring 2026,1624,1166.0,71.79802955665025,75.16236181904065,-3.3643322623904055,EOC,About expected
Springtown ISD,41280,2020-2024,Texas,96729.0,10413.0,SPRINGTOWN ISD,184902,Spring 2026,1596,1297.0,81.265664160401,84.66178368151157,-3.3961195211105633,EOC,About expected
Ennis ISD,18540,2020-2024,Texas,77169.0,6319.0,ENNIS ISD,070903,Spring 2026,2528,1975.0,78.125,81.53626951592543,-3.411269515925426,EOC,About expected
Celina ISD,13290,2020-2024,Texas,156852.0,19956.0,CELINA ISD,043903,Spring 2026,2170,1969.0,90.73732718894009,94.26890475398274,-3.531577565042653,EOC,About expected
La Vega ISD,26280,2020-2024,Texas,53775.0,10721.0,LA VEGA ISD,161906,Spring 2026,1256,932.0,74.20382165605095,77.79811622401732,-3.5942945679663723,EOC,About expected
Liberty Hill ISD,27420,2020-2024,Texas,144551.0,8164.0,LIBERTY HILL ISD,246908,Spring 2026,3798,3369.0,88.70458135860979,92.30331427592164,-3.5987329173118496,EOC,About expected
Crane ISD,15540,2020-2024,Texas,62212.0,14766.0,CRANE ISD,052901,Spring 2026,664,501.0,75.45180722891565,79.14627384237367,-3.694466613458019,EOC,About expected
San Benito CISD,38790,2020-2024,Texas,45640.0,2560.0,SAN BENITO CISD,031912,Spring 2026,2440,1776.0,72.78688524590164,76.49821552171449,-3.7113302758128413,EOC,About expected
Floresville ISD,19350,2020-2024,Texas,89880.0,7094.0,FLORESVILLE ISD,247901,Spring 2026,1718,1371.0,79.80209545983702,83.56737435021813,-3.7652788903811114,EOC,About expected
Channelview ISD,13590,2020-2024,Texas,64681.0,7334.0,CHANNELVIEW ISD,101905,Spring 2026,3843,2912.0,75.77413479052824,79.54079809977819,-3.7666633092499495,EOC,About expected
Eagle Mountain-Saginaw ISD,17700,2020-2024,Texas,101650.0,5510.0,EAGLE MT-SAGINAW ISD,220918,Spring 2026,10338,8436.0,81.60185722576901,85.44811574740368,-3.8462585216346667,EOC,About expected
Brazosport ISD,11190,2020-2024,Texas,80703.0,5263.0,BRAZOSPORT ISD,020905,Spring 2026,4605,3603.0,78.24104234527687,82.10097130841936,-3.859928963142494,EOC,About expected
Coldspring-Oakhurst CISD,14520,2020-2024,Texas,58972.0,7426.0,COLDSPRING-OAKHURST CISD,204901,Spring 2026,552,412.0,74.63768115942028,78.62855063703118,-3.9908694776109,EOC,About expected
Lewisville ISD,27300,2020-2024,Texas,113996.0,2660.0,LEWISVILLE ISD,061902,Spring 2026,12564,10476.0,83.3810888252149,87.42089682553897,-4.039808000324072,EOC,About expected
Jacksonville ISD,24590,2020-2024,Texas,52895.0,4124.0,JACKSONVILLE ISD,037904,Spring 2026,1711,1259.0,73.58270017533606,77.65750004478849,-4.074799869452434,EOC,About expected
Waller ISD,44430,2020-2024,Texas,96013.0,12591.0,WALLER ISD,237904,Spring 2026,4363,3509.0,80.42631217052487,84.54737324477539,-4.12106107425052,EOC,About expected
Crosby ISD,15750,2020-2024,Texas,91958.0,15955.0,CROSBY ISD,101906,Spring 2026,2947,2350.0,79.74211062097048,83.89942028253347,-4.157309661562991,EOC,About expected
Gonzales ISD,21060,2020-2024,Texas,59081.0,6510.0,GONZALES ISD,089901,Spring 2026,1090,811.0,74.40366972477064,78.64596786832203,-4.242298143551395,EOC,About expected
Temple ISD,42330,2020-2024,Texas,58815.0,5225.0,TEMPLE ISD,014909,Spring 2026,3247,2414.0,74.3455497382199,78.60346343232786,-4.257913694107955,EOC,About expected
Eanes ISD,17760,2020-2024,Texas,195329.0,13185.0,EANES ISD,227909,Spring 2026,3447,3314.0,96.14157238178126,100.41718739965035,-4.275615017869086,EOC,About expected
Irving ISD,24420,2020-2024,Texas,71448.0,1756.0,IRVING ISD,057912,Spring 2026,11991,9138.0,76.20715536652489,80.6221045598253,-4.414949193300416,EOC,About expected
Silsbee ISD,40230,2020-2024,Texas,62311.0,7240.0,SILSBEE ISD,100904,Spring 2026,964,720.0,74.68879668049793,79.16209316253692,-4.4732964820389896,EOC,About expected
Taylor ISD,42280,2020-2024,Texas,75805.0,6069.0,TAYLOR ISD,246911,Spring 2026,1255,963.0,76.73306772908367,81.31831443812074,-4.585246709037065,EOC,About expected
Huffman ISD,23820,2020-2024,Texas,89756.0,14860.0,HUFFMAN ISD,101925,Spring 2026,1643,1297.0,78.94096165550822,83.5475602522359,-4.606598596727679,EOC,About expected
Mineral Wells ISD,30950,2020-2024,Texas,61827.0,6613.0,MINERAL WELLS ISD,182903,Spring 2026,1152,857.0,74.39236111111111,79.08475426396107,-4.692393152849959,EOC,About expected
Lago Vista ISD,26400,2020-2024,Texas,113058.0,14100.0,LAGO VISTA ISD,227912,Spring 2026,853,704.0,82.53223915592028,87.27101276177007,-4.7387736058497865,EOC,About expected
Tarkington ISD,42210,2020-2024,Texas,99144.0,8518.0,TARKINGTON ISD,146907,Spring 2026,717,575.0,80.19525801952581,85.04767921882704,-4.852421199301233,EOC,About expected
Texarkana ISD,42480,2020-2024,Texas,49240.0,6030.0,TEXARKANA ISD,019907,Spring 2026,3713,2681.0,72.20576353353084,77.07346352765059,-4.8676999941197465,EOC,About expected
Jasper ISD,24630,2020-2024,Texas,53795.0,5442.0,JASPER ISD,121904,Spring 2026,757,552.0,72.91941875825627,77.80131204627253,-4.881893288016258,EOC,About expected
Marble Falls ISD,29010,2020-2024,Texas,75649.0,6586.0,MARBLE FALLS ISD,027904,Spring 2026,1533,1170.0,76.32093933463796,81.29338702453018,-4.9724476898922205,EOC,About expected
Lytle ISD,28650,2020-2024,Texas,71696.0,19932.0,LYTLE ISD,007904,Spring 2026,740,560.0,75.67567567567568,80.66173275578979,-4.986057080114108,EOC,About expected
Georgetown ISD,20600,2020-2024,Texas,104990.0,4395.0,GEORGETOWN ISD,246904,Spring 2026,5894,4771.0,80.94672548354258,85.98181806402216,-5.035092580479585,EOC,Under expected
Nacogdoches ISD,32090,2020-2024,Texas,49824.0,5221.0,NACOGDOCHES ISD,174904,Spring 2026,2326,1677.0,72.09802235597593,77.16678153750244,-5.0687591815265165,EOC,Under expected
Austin ISD,8940,2020-2024,Texas,92946.0,1834.0,AUSTIN ISD,227901,Spring 2026,26521,20936.0,78.94121639455525,84.05729390194038,-5.116077507385128,EOC,Under expected
Texas City ISD,42510,2020-2024,Texas,62352.0,7643.0,TEXAS CITY ISD,084906,Spring 2026,3033,2246.0,74.05209363666337,79.16864459816009,-5.1165509614967135,EOC,Under expected
Community ISD,14850,2020-2024,Texas,111818.0,12450.0,COMMUNITY ISD,043918,Spring 2026,2083,1706.0,81.90110417666827,87.07287178194764,-5.171767605279371,EOC,Under expected
Grand Prairie ISD,21420,2020-2024,Texas,75791.0,2581.0,GRAND PRAIRIE ISD,057910,Spring 2026,12067,9184.0,76.10839479572388,81.3160773625421,-5.207682566818221,EOC,Under expected
Aubrey ISD,8910,2020-2024,Texas,115470.0,8455.0,AUBREY ISD,061907,Spring 2026,1753,1445.0,82.43011979463776,87.65642892574726,-5.2263091311095025,EOC,Under expected
Chapel Hill ISD (Smith County),13650,2020-2024,Texas,72968.0,8386.0,CHAPEL HILL ISD,212909,Spring 2026,1295,979.0,75.59845559845559,80.86498705122054,-5.266531452764951,EOC,Under expected
Santa Fe ISD,39270,2020-2024,Texas,96117.0,13564.0,SANTA FE ISD,084909,Spring 2026,1764,1397.0,79.19501133786848,84.56399152050244,-5.368980182633962,EOC,Under expected
Princeton ISD,35850,2020-2024,Texas,100333.0,5182.0,PRINCETON ISD,043911,Spring 2026,4329,3456.0,79.83367983367984,85.23767085189871,-5.403991018218875,EOC,Under expected
Kennedale ISD,25500,2020-2024,Texas,103655.0,7869.0,KENNEDALE ISD,220914,Spring 2026,1206,968.0,80.2653399668325,85.76849692848752,-5.503156961655023,EOC,Under expected
Red Oak ISD,36660,2020-2024,Texas,104420.0,8986.0,RED OAK ISD,070911,Spring 2026,2806,2253.0,80.29223093371347,85.89073712974894,-5.598506196035473,EOC,Under expected
DeSoto ISD,16860,2020-2024,Texas,83272.0,7669.0,DESOTO ISD,057906,Spring 2026,2671,2054.0,76.90003743916137,82.51147467709987,-5.611437237938503,EOC,Under expected
Pearsall ISD,34470,2020-2024,Texas,63545.0,11761.0,PEARSALL ISD,082903,Spring 2026,758,559.0,73.7467018469657,79.3592753956828,-5.612573548717094,EOC,Under expected
Pflugerville ISD,34830,2020-2024,Texas,101238.0,4039.0,PFLUGERVILLE ISD,227904,Spring 2026,10613,8461.0,79.72298124941109,85.38228180894654,-5.659300559535453,EOC,Under expected
Victoria ISD,44150,2020-2024,Texas,71147.0,2718.0,VICTORIA ISD,235902,Spring 2026,5231,3918.0,74.89963678073026,80.57400743488454,-5.6743706541542736,EOC,Under expected
West Orange-Cove CISD,45090,2020-2024,Texas,51471.0,10822.0,WEST ORANGE-COVE CISD,181906,Spring 2026,920,660.0,71.73913043478261,77.42995750021822,-5.690827065435613,EOC,Under expected
Southwest ISD,40950,2020-2024,Texas,69907.0,4627.0,SOUTHWEST ISD,015912,Spring 2026,6358,4748.0,74.67757156338472,80.3758664550621,-5.698294891677378,EOC,Under expected
Crandall ISD,15510,2020-2024,Texas,93644.0,6658.0,CRANDALL ISD,129901,Spring 2026,3052,2394.0,78.44036697247707,84.16882809864688,-5.728461126169819,EOC,Under expected
Anna ISD,8340,2020-2024,Texas,104989.0,13987.0,ANNA ISD,043902,Spring 2026,2505,2010.0,80.23952095808383,85.9816582729094,-5.74213731482557,EOC,Under expected
Beaumont ISD,9670,2020-2024,Texas,57493.0,2819.0,BEAUMONT ISD,123910,Spring 2026,6248,4537.0,72.61523687580026,78.3922195812591,-5.776982705458835,EOC,Under expected
Sweetwater ISD,42030,2020-2024,Texas,49167.0,3771.0,SWEETWATER ISD,177902,Spring 2026,658,469.0,71.27659574468085,77.06179877641911,-5.785203031738263,EOC,Under expected
Fabens ISD,18900,2020-2024,Texas,43367.0,16273.0,FABENS ISD,071903,Spring 2026,822,578.0,70.31630170316302,76.13501032241095,-5.8187086192479285,EOC,Under expected
Harlandale ISD,22470,2020-2024,Texas,51927.0,3821.0,HARLANDALE ISD,015904,Spring 2026,4725,3385.0,71.64021164021163,77.50282224763679,-5.862610607425154,EOC,Under expected
Natalia ISD,32130,2020-2024,Texas,75798.0,10893.0,NATALIA ISD,163903,Spring 2026,516,389.0,75.3875968992248,81.31719590033143,-5.929599001106624,EOC,Under expected
Duncanville ISD,17640,2020-2024,Texas,72230.0,3318.0,DUNCANVILLE ISD,057907,Spring 2026,5544,4139.0,74.65728715728716,80.74706121000364,-6.0897740527164785,EOC,Under expected
Corsicana ISD,15330,2020-2024,Texas,58698.0,4081.0,CORSICANA ISD,175903,Spring 2026,2403,1740.0,72.40948813982521,78.58476787213493,-6.175279732309718,EOC,Under expected
Venus ISD,44010,2020-2024,Texas,89917.0,15335.0,VENUS ISD,126908,Spring 2026,912,705.0,77.30263157894737,83.57328662139025,-6.270655042442883,EOC,Under expected
San Angelo ISD,38700,2020-2024,Texas,66218.0,2710.0,SAN ANGELO ISD,226903,Spring 2026,5076,3731.0,73.50275807722616,79.78639704009035,-6.283638962864188,EOC,Under expected
White Settlement ISD,45540,2020-2024,Texas,75263.0,4798.0,WHITE SETTLEMENT ISD,220920,Spring 2026,3077,2305.0,74.91062723431914,81.23170765500481,-6.321080420685675,EOC,Under expected
Ector County ISD,18000,2020-2024,Texas,71536.0,3707.0,ECTOR COUNTY ISD,068901,Spring 2026,12149,9019.0,74.23656268005597,80.63616617774818,-6.399603497692212,EOC,Under expected
Port Arthur ISD,35400,2020-2024,Texas,42827.0,3754.0,PORT ARTHUR ISD,123907,Spring 2026,2881,2006.0,69.6286011801458,76.04872312152054,-6.420121941374745,EOC,Under expected
Hitchcock ISD,23310,2020-2024,Texas,84818.0,6940.0,HITCHCOCK ISD,084908,Spring 2026,659,503.0,76.32776934749621,82.75851173742687,-6.430742389930657,EOC,Under expected
San Antonio ISD,38730,2020-2024,Texas,46710.0,1609.0,SAN ANTONIO ISD,015907,Spring 2026,16604,11659.0,70.21801975427607,76.66919201236772,-6.4511722580916455,EOC,Under expected
Pecos-Barstow-Toyah ISD,34550,2020-2024,Texas,65023.0,11661.0,PECOS-BARSTOW-TOYAH ISD,195901,Spring 2026,1123,821.0,73.10774710596615,79.59544666034212,-6.487699554375965,EOC,Under expected
San Elizario ISD,38850,2020-2024,Texas,47537.0,7821.0,SAN ELIZARIO ISD,071904,Spring 2026,1301,914.0,70.25365103766333,76.80133926262026,-6.547688224956929,EOC,Under expected
Lufkin ISD,28550,2020-2024,Texas,58102.0,4382.0,LUFKIN ISD,003903,Spring 2026,2802,2014.0,71.87723054960742,78.48953236892996,-6.612301819322539,EOC,Under expected
Dalhart ISD,16200,2020-2024,Texas,71756.0,7308.0,DALHART ISD,056901,Spring 2026,717,530.0,73.91910739191074,80.67132022255538,-6.752212830644638,EOC,Under expected
Arlington ISD,8700,2020-2024,Texas,71274.0,1472.0,ARLINGTON ISD,220901,Spring 2026,22208,16387.0,73.78872478386167,80.59430090620505,-6.805576122343382,EOC,Under expected
Greenwood ISD,21750,2020-2024,Texas,128864.0,20722.0,GREENWOOD ISD,165902,Spring 2026,1466,1216.0,82.94679399727148,89.79667109005507,-6.849877092783586,EOC,Under expected
Jarrell ISD,24600,2020-2024,Texas,94385.0,4031.0,JARRELL ISD,246907,Spring 2026,1653,1280.0,77.43496672716273,84.28723331320207,-6.852266586039335,EOC,Under expected
Donna ISD,17390,2020-2024,Texas,43627.0,4301.0,DONNA ISD,108902,Spring 2026,5213,3609.0,69.23076923076923,76.17655601172855,-6.945786780959324,EOC,Under expected
Hidalgo ISD,23100,2020-2024,Texas,41094.0,17159.0,HIDALGO ISD,108905,Spring 2026,1318,907.0,68.81638846737481,75.7718051231074,-6.955416655732591,EOC,Under expected
Greenville ISD,21720,2020-2024,Texas,66514.0,3730.0,GREENVILLE ISD,116905,Spring 2026,2278,1660.0,72.87093942054433,79.83369520946732,-6.9627557889229905,EOC,Under expected
Wills Point ISD,45950,2020-2024,Texas,76975.0,7051.0,WILLS POINT ISD,234907,Spring 2026,1100,819.0,74.45454545454545,81.50527004004998,-7.0507245855045255,EOC,Under expected
Crowley ISD,15910,2020-2024,Texas,86560.0,3532.0,CROWLEY ISD,220912,Spring 2026,7538,5717.0,75.84239851419474,83.03686785585484,-7.1944693416600956,EOC,Under expected
Spring ISD,41220,2020-2024,Texas,70683.0,3618.0,SPRING ISD,101919,Spring 2026,12458,9127.0,73.26216086049125,80.49986435856388,-7.237703498072634,EOC,Under expected
Bryan ISD,11790,2020-2024,Texas,61113.0,1838.0,BRYAN ISD,021902,Spring 2026,6201,4448.0,71.73036606998872,78.97066340945041,-7.240297339461691,EOC,Under expected
Royse City ISD,38220,2020-2024,Texas,120719.0,5850.0,ROYSE CITY ISD,199902,Spring 2026,4173,3388.0,81.18859333812605,88.49517247662465,-7.306579138498591,EOC,Under expected
Terrell ISD,42450,2020-2024,Texas,70843.0,5279.0,TERRELL ISD,129906,Spring 2026,2073,1517.0,73.17896767969127,80.52543093660549,-7.34646325691422,EOC,Under expected
Denver City ISD,16770,2020-2024,Texas,90757.0,16248.0,DENVER CITY ISD,251901,Spring 2026,644,491.0,76.24223602484473,83.70751115610868,-7.465275131263951,EOC,Under expected
Lake Worth ISD,26490,2020-2024,Texas,51120.0,7541.0,LAKE WORTH ISD,220910,Spring 2026,1192,833.0,69.88255033557047,77.37387081963945,-7.491320484068979,EOC,Under expected
Snyder ISD,40650,2020-2024,Texas,59145.0,6507.0,SNYDER ISD,208902,Spring 2026,1042,741.0,71.11324376199616,78.65619449953867,-7.542950737542512,EOC,Under expected
Hutto ISD,24100,2020-2024,Texas,123195.0,8904.0,HUTTO ISD,246906,Spring 2026,4417,3592.0,81.32216436495358,88.89081527181847,-7.568650906864889,EOC,Under expected
Kemp ISD,25320,2020-2024,Texas,71744.0,6345.0,KEMP ISD,129904,Spring 2026,738,539.0,73.03523035230353,80.66940272920226,-7.634172376898732,EOC,Under expected
Splendora ISD,41070,2020-2024,Texas,79428.0,6941.0,SPLENDORA ISD,170907,Spring 2026,2512,1865.0,74.24363057324841,81.89723763965033,-7.653607066401918,EOC,Under expected
Alief ISD,7830,2020-2024,Texas,51986.0,1770.0,ALIEF ISD,101903,Spring 2026,15198,10615.0,69.84471641005395,77.51224992328963,-7.667533513235682,EOC,Under expected
Forney ISD,19560,2020-2024,Texas,104853.0,5897.0,FORNEY ISD,129902,Spring 2026,8158,6378.0,78.18092669772003,85.95992668157405,-7.778999983854021,EOC,Under expected
Marshall ISD,29160,2020-2024,Texas,57965.0,4396.0,MARSHALL ISD,102902,Spring 2026,1732,1224.0,70.66974595842956,78.46764098648184,-7.797895028052281,EOC,Under expected
Athens ISD,8870,2020-2024,Texas,72118.0,5795.0,ATHENS ISD,107901,Spring 2026,1267,923.0,72.8492501973165,80.72916460537452,-7.879914408058028,EOC,Under expected
Vernon ISD,44110,2020-2024,Texas,53486.0,7734.0,VERNON ISD,244903,Spring 2026,723,505.0,69.84785615491009,77.75193659242967,-7.904080437519582,EOC,Under expected
Pilot Point ISD,34920,2020-2024,Texas,97854.0,24379.0,PILOT POINT ISD,061903,Spring 2026,751,576.0,76.69773635153129,84.8415486833666,-8.143812331835306,EOC,Under expected
Judson ISD,24990,2020-2024,Texas,76852.0,3281.0,JUDSON ISD,015916,Spring 2026,8693,6372.0,73.30035660876567,81.4856157331805,-8.185259124414827,EOC,Under expected
Krum ISD,25980,2020-2024,Texas,123044.0,6845.0,KRUM ISD,061905,Spring 2026,1085,875.0,80.64516129032258,88.86668681379172,-8.22152552346914,EOC,Under expected
Bonham ISD,10800,2020-2024,Texas,68559.0,8485.0,BONHAM ISD,074903,Spring 2026,759,544.0,71.67325428194994,80.16046803506158,-8.487213753111646,EOC,Under expected
Westwood ISD,43290,2020-2024,Texas,52647.0,11427.0,WESTWOOD ISD,001908,Spring 2026,541,373.0,68.94639556377079,77.61787184882401,-8.671476285053217,EOC,Under expected
Wharton ISD,45380,2020-2024,Texas,58232.0,6326.0,WHARTON ISD,241904,Spring 2026,654,456.0,69.72477064220183,78.51030521358877,-8.785534571386933,EOC,Under expected
Shepherd ISD,40020,2020-2024,Texas,82604.0,17570.0,SHEPHERD ISD,204904,Spring 2026,818,602.0,73.59413202933986,82.40473421377618,-8.81060218443632,EOC,Under expected
Seguin ISD,39690,2020-2024,Texas,66354.0,3820.0,SEGUIN ISD,094901,Spring 2026,2675,1896.0,70.8785046728972,79.80812863142572,-8.929623958528524,EOC,Under expected
Fort Worth ISD,19700,2020-2024,Texas,65742.0,1341.0,FORT WORTH ISD,220905,Spring 2026,29855,21120.0,70.7419192765031,79.71033647041658,-8.968417193913481,EOC,Under expected
East Central ISD,17850,2020-2024,Texas,80803.0,6282.0,EAST CENTRAL ISD,015911,Spring 2026,5280,3841.0,72.74621212121211,82.11695041969536,-9.370738298483246,EOC,Under expected
Kermit ISD,25560,2020-2024,Texas,80851.0,21002.0,KERMIT ISD,248901,Spring 2026,511,371.0,72.6027397260274,82.12462039310785,-9.521880667080453,EOC,Under expected
Carrollton-Farmers Branch ISD,13050,2020-2024,Texas,87139.0,2698.0,CARROLLTON-FARMERS BRANCH ISD,057903,Spring 2026,9073,6671.0,73.52584591645541,83.1293869101429,-9.603540993687488,EOC,Under expected
Rice CISD,36970,2020-2024,Texas,65000.0,7517.0,RICE CISD,045903,Spring 2026,615,429.0,69.7560975609756,79.59177146474863,-9.835673903773028,EOC,Under expected
Lockhart ISD,27870,2020-2024,Texas,76224.0,5952.0,LOCKHART ISD,028902,Spring 2026,2902,2072.0,71.39903514817367,81.3852669143672,-9.986231766193526,EOC,Under expected
Edcouch-Elsa ISD,18060,2020-2024,Texas,38770.0,8070.0,EDCOUCH-ELSA ISD,108903,Spring 2026,1759,1147.0,65.20750426378625,75.40045057705309,-10.192946313266845,EOC,Under expected
Uvalde CISD,43720,2020-2024,Texas,52995.0,6582.0,UVALDE CISD,232903,Spring 2026,1622,1094.0,67.44759556103575,77.6734791560645,-10.225883595028748,EOC,Under expected
Columbia-Brazoria ISD,14670,2020-2024,Texas,74550.0,7909.0,COLUMBIA-BRAZORIA ISD,020907,Spring 2026,1236,873.0,70.63106796116504,81.11777659160691,-10.486708630441868,EOC,Under expected
Waco ISD,44280,2020-2024,Texas,45436.0,2632.0,WACO ISD,161914,Spring 2026,5004,3288.0,65.70743405275779,76.46561813471145,-10.758184081953658,EOC,Under expected
Edgewood ISD (Bexar County),18150,2020-2024,Texas,42055.0,1987.0,EDGEWOOD ISD,015905,Spring 2026,2901,1873.0,64.56394346776973,75.9253643824698,-11.361420914700062,EOC,Under expected
Bastrop ISD,9570,2020-2024,Texas,87946.0,6824.0,BASTROP ISD,011901,Spring 2026,5929,4251.0,71.69843143869117,83.25833833814025,-11.559906899449075,EOC,Under expected
Cedar Hill ISD,13230,2020-2024,Texas,99737.0,7236.0,CEDAR HILL ISD,057904,Spring 2026,2793,2051.0,73.43358395989975,85.14243534869374,-11.708851388793988,EOC,Under expected
Midland ISD,30570,2020-2024,Texas,90403.0,5785.0,MIDLAND ISD,165901,Spring 2026,11241,8087.0,71.94199804287875,83.65094510219163,-11.708947059312877,EOC,Under expected
Liberty-Eylau ISD,27390,2020-2024,Texas,45988.0,4905.0,LIBERTY-EYLAU ISD,019908,Spring 2026,910,584.0,64.17582417582418,76.55382282895498,-12.377998653130803,EOC,Under expected
Hempstead ISD,22920,2020-2024,Texas,61948.0,7337.0,HEMPSTEAD ISD,237902,Spring 2026,705,465.0,65.95744680851064,79.10408898860503,-13.14664218009439,EOC,Under expected
Everman ISD,18810,2020-2024,Texas,75317.0,5528.0,EVERMAN ISD,220904,Spring 2026,2140,1449.0,67.71028037383178,81.24033637509385,-13.530056001262068,EOC,Under expected
Little Elm ISD,27720,2020-2024,Texas,122225.0,8060.0,LITTLE ELM ISD,061914,Spring 2026,2009,1500.0,74.66401194624191,88.73581789244125,-14.071805946199333,EOC,Under expected
Kingsville ISD,25680,2020-2024,Texas,57710.0,9760.0,KINGSVILLE ISD,137901,Spring 2026,1062,683.0,64.31261770244822,78.42689425272803,-14.114276550279811,EOC,Under expected
Cleveland ISD,14370,2020-2024,Texas,57146.0,8091.0,CLEVELAND ISD,146901,Spring 2026,5500,3383.0,61.509090909090915,78.33677206513137,-16.827681156040455,EOC,Under expected
Elgin ISD,18360,2020-2024,Texas,90375.0,11216.0,ELGIN ISD,011902,Spring 2026,2606,1703.0,65.34919416730621,83.64647095103436,-18.29727678372815,EOC,Under expected
Royal ISD,38190,2020-2024,Texas,75076.0,9599.0,ROYAL ISD,237905,Spring 2026,1414,888.0,62.8005657708628,81.20182671691867,-18.401260946055878,EOC,Under expected
Del Valle ISD,16620,2020-2024,Texas,79700.0,6324.0,DEL VALLE ISD,227910,Spring 2026,5152,3181.0,61.743012422360245,81.94070082232105,-20.197688399960803,EOC,Under expected
Laredo ISD,26790,2020-2024,Texas,39329.0,2198.0,LAREDO ISD,240901,Spring 2026,2699,1483.0,54.94627639866617,75.48977380908596,-20.54349741041979,EOC,Under expected
Fort Stockton ISD,20190,2020-2024,Texas,79028.0,11019.0,FORT STOCKTON ISD,186902,Spring 2026,4926,2903.0,58.93219650832319,81.83332119454631,-22.901124686223127,EOC,Under expected
Hallsville ISD,22170,2020-2024,Texas,82924.0,11440.0,HALLSVILLE ISD,102904,Spring 2026,24110,14214.0,58.954790543343016,82.45586736985938,-23.50107682651636,EOC,Under expected
Manor ISD,28890,2020-2024,Texas,97415.0,7159.0,MANOR ISD,227907,Spring 2026,3568,1888.0,52.91479820627802,84.77140038486495,-31.856602178586925,EOC,Under expected
