district,tea_district_id,administration,tests_taken,approaches_count,approaches_pct
ABBOTT ISD,109901,Spring 2026,109,104.0,95.41284403669725
ABERNATHY ISD,095901,Spring 2026,302,270.0,89.40397350993378
ABILENE ISD,221901,Spring 2026,5147,4087.0,79.40547891975909
ACADEMY ISD,014901,Spring 2026,689,623.0,90.42089985486213
ADRIAN ISD,180903,Spring 2026,55,51.0,92.72727272727272
AGUA DULCE ISD,178901,Spring 2026,148,133.0,89.86486486486487
ALAMO HEIGHTS ISD,015901,Spring 2026,2016,1851.0,91.81547619047619
ALBA-GOLDEN ISD,250906,Spring 2026,293,256.0,87.37201365187714
ALBANY ISD,209901,Spring 2026,150,127.0,84.66666666666667
ALDINE ISD,101902,Spring 2026,21718,16284.0,74.97927986002394
ALEDO ISD,184907,Spring 2026,3110,2961.0,95.20900321543408
ALICE ISD,125901,Spring 2026,1609,1341.0,83.34369173399627
ALIEF ISD,101903,Spring 2026,15198,10615.0,69.84471641005395
ALLEN ISD,043901,Spring 2026,8436,7909.0,93.7529634898056
ALPINE ISD,022901,Spring 2026,288,266.0,92.36111111111111
ALTO ISD,037901,Spring 2026,210,164.0,78.0952380952381
ALVARADO ISD,126901,Spring 2026,1479,1244.0,84.1108857336038
ALVIN ISD,020901,Spring 2026,12236,10675.0,87.24256292906179
ALVORD ISD,249901,Spring 2026,302,273.0,90.39735099337747
AMARILLO ISD,188901,Spring 2026,10558,8747.0,82.84713013828376
AMHERST ISD,140901,Spring 2026,51,33.0,64.70588235294117
ANAHUAC ISD,036901,Spring 2026,576,469.0,81.42361111111111
ANDERSON-SHIRO CISD,093901,Spring 2026,359,311.0,86.62952646239555
ANDREWS ISD,002901,Spring 2026,1615,1330.0,82.35294117647058
ANGLETON ISD,020902,Spring 2026,3085,2512.0,81.42625607779578
ANNA ISD,043902,Spring 2026,2505,2010.0,80.23952095808383
ANSON ISD,127901,Spring 2026,208,174.0,83.65384615384616
ANTHONY ISD,071906,Spring 2026,290,249.0,85.86206896551725
ANTON ISD,110901,Spring 2026,58,44.0,75.86206896551724
APPLE SPRINGS ISD,228905,Spring 2026,67,55.0,82.08955223880598
AQUILLA ISD,109912,Spring 2026,156,138.0,88.46153846153845
ARANSAS PASS ISD,205901,Spring 2026,573,472.0,82.37347294938918
ARCHER CITY ISD,005901,Spring 2026,166,153.0,92.16867469879519
ARGYLE ISD,061910,Spring 2026,2293,2201.0,95.98778892280855
ARLINGTON ISD,220901,Spring 2026,22208,16387.0,73.78872478386167
ARP ISD,212901,Spring 2026,380,310.0,81.57894736842105
ASPERMONT ISD,217901,Spring 2026,76,73.0,96.05263157894737
ATHENS ISD,107901,Spring 2026,1267,923.0,72.8492501973165
ATLANTA ISD,034901,Spring 2026,654,556.0,85.01529051987767
AUBREY ISD,061907,Spring 2026,1753,1445.0,82.43011979463776
AUSTIN ISD,227901,Spring 2026,26521,20936.0,78.94121639455525
AUSTWELL-TIVOLI ISD,196901,Spring 2026,45,37.0,82.22222222222221
AVALON ISD,070901,Spring 2026,90,78.0,86.66666666666667
AVERY ISD,194902,Spring 2026,119,111.0,93.27731092436974
AVINGER ISD,034902,Spring 2026,42,37.0,88.09523809523809
AXTELL ISD,161918,Spring 2026,379,296.0,78.10026385224275
AZLE ISD,220915,Spring 2026,2858,2397.0,83.86983904828551
BAIRD ISD,030903,Spring 2026,86,79.0,91.86046511627907
BALLINGER ISD,200901,Spring 2026,344,271.0,78.77906976744185
BALMORHEA ISD,195902,Spring 2026,58,54.0,93.10344827586206
BANDERA ISD,010902,Spring 2026,850,709.0,83.41176470588235
BANGS ISD,025901,Spring 2026,269,229.0,85.13011152416357
BANQUETE ISD,178913,Spring 2026,260,224.0,86.15384615384616
BARBERS HILL ISD,036902,Spring 2026,3051,2841.0,93.11701081612586
BARTLETT ISD,014902,Spring 2026,170,117.0,68.82352941176471
BASTROP ISD,011901,Spring 2026,5929,4251.0,71.69843143869117
BAY CITY ISD,158901,Spring 2026,1298,1039.0,80.0462249614792
BEAUMONT ISD,123910,Spring 2026,6248,4537.0,72.61523687580026
BECKVILLE ISD,183901,Spring 2026,238,225.0,94.53781512605042
BEEVILLE ISD,013901,Spring 2026,1150,898.0,78.08695652173913
BELLEVUE ISD,039904,Spring 2026,60,56.0,93.33333333333333
BELLS ISD,091901,Spring 2026,383,360.0,93.99477806788512
BELLVILLE ISD,008901,Spring 2026,1017,858.0,84.36578171091446
BELTON ISD,014903,Spring 2026,5594,4871.0,87.07543796925276
BEN BOLT-PALITO BLANCO ISD,125902,Spring 2026,148,121.0,81.75675675675676
BENAVIDES ISD,066901,Spring 2026,68,62.0,91.17647058823529
BENJAMIN ISD,138904,Spring 2026,33,25.0,75.75757575757575
BIG SANDY ISD,187901,Spring 2026,199,187.0,93.96984924623115
BIG SANDY ISD,230901,Spring 2026,258,221.0,85.65891472868216
BIG SPRING ISD,114901,Spring 2026,1099,869.0,79.07188353048225
BIRDVILLE ISD,220902,Spring 2026,8919,7392.0,82.87924655230407
BISHOP CISD,178902,Spring 2026,698,635.0,90.97421203438395
BLACKWELL CISD,177903,Spring 2026,44,43.0,97.72727272727273
BLANCO ISD,016902,Spring 2026,464,417.0,89.87068965517241
BLAND ISD,116915,Spring 2026,298,257.0,86.24161073825503
BLANKET ISD,025904,Spring 2026,54,44.0,81.48148148148148
BLOOMBURG ISD,034909,Spring 2026,78,68.0,87.17948717948718
BLOOMING GROVE ISD,175902,Spring 2026,402,356.0,88.55721393034825
BLOOMINGTON ISD,235901,Spring 2026,291,215.0,73.8831615120275
BLUE RIDGE ISD,043917,Spring 2026,432,359.0,83.10185185185185
BLUFF DALE ISD,072904,Spring 2026,110,93.0,84.54545454545455
BLUM ISD,109913,Spring 2026,138,126.0,91.30434782608695
BOERNE ISD,130901,Spring 2026,4470,4188.0,93.69127516778524
BOLES ISD,116916,Spring 2026,226,199.0,88.05309734513274
BOLING ISD,241901,Spring 2026,451,395.0,87.58314855875831
BONHAM ISD,074903,Spring 2026,759,544.0,71.67325428194994
BOOKER ISD,148901,Spring 2026,123,120.0,97.5609756097561
BORDEN COUNTY ISD,017901,Spring 2026,76,72.0,94.73684210526315
BORGER ISD,117901,Spring 2026,868,722.0,83.17972350230414
BOSQUEVILLE ISD,161923,Spring 2026,280,232.0,82.85714285714286
BOVINA ISD,185901,Spring 2026,163,120.0,73.61963190184049
BOWIE ISD,169901,Spring 2026,572,468.0,81.81818181818183
BOYD ISD,249902,Spring 2026,586,509.0,86.86006825938567
BOYS RANCH ISD,180901,Spring 2026,169,121.0,71.59763313609467
BRACKETT ISD,136901,Spring 2026,181,162.0,89.50276243093923
BRADY ISD,160901,Spring 2026,266,230.0,86.46616541353383
BRAZOS ISD,008903,Spring 2026,348,316.0,90.80459770114942
BRAZOSPORT ISD,020905,Spring 2026,4605,3603.0,78.24104234527687
BRECKENRIDGE ISD,215901,Spring 2026,490,409.0,83.46938775510205
BREMOND ISD,198901,Spring 2026,250,241.0,96.39999999999999
BRENHAM ISD,239901,Spring 2026,1944,1604.0,82.51028806584361
BRIDGE CITY ISD,181901,Spring 2026,1162,980.0,84.33734939759037
BRIDGEPORT ISD,249903,Spring 2026,874,722.0,82.6086956521739
BROADDUS ISD,203902,Spring 2026,127,124.0,97.63779527559055
BROCK ISD,184909,Spring 2026,763,722.0,94.62647444298821
BRONTE ISD,041901,Spring 2026,62,55.0,88.70967741935483
BROOKELAND ISD,121902,Spring 2026,111,101.0,90.990990990991
BROOKESMITH ISD,025908,Spring 2026,155,103.0,66.45161290322581
BROOKS COUNTY ISD,024901,Spring 2026,488,356.0,72.95081967213115
BROWNFIELD ISD,223901,Spring 2026,610,454.0,74.42622950819671
BROWNSBORO ISD,107902,Spring 2026,1042,897.0,86.08445297504798
BROWNSVILLE ISD,031901,Spring 2026,13443,11400.0,84.80249944208882
BROWNWOOD ISD,025902,Spring 2026,1138,934.0,82.0738137082601
BRUCEVILLE-EDDY ISD,161919,Spring 2026,226,198.0,87.61061946902655
BRYAN ISD,021902,Spring 2026,6201,4448.0,71.73036606998872
BRYSON ISD,119901,Spring 2026,109,98.0,89.90825688073394
BUCKHOLTS ISD,166907,Spring 2026,42,30.0,71.42857142857143
BUENA VISTA ISD,186901,Spring 2026,99,81.0,81.81818181818183
BUFFALO ISD,145901,Spring 2026,367,322.0,87.73841961852861
BULLARD ISD,212902,Spring 2026,1204,1105.0,91.77740863787376
BUNA ISD,121903,Spring 2026,530,457.0,86.22641509433963
BURKBURNETT ISD,243901,Spring 2026,1143,969.0,84.7769028871391
BURKEVILLE ISD,176901,Spring 2026,110,78.0,70.9090909090909
BURLESON ISD,126902,Spring 2026,5415,4588.0,84.72760849492151
BURNET CISD,027903,Spring 2026,1314,1095.0,83.33333333333334
BURTON ISD,239903,Spring 2026,211,196.0,92.89099526066352
BUSHLAND ISD,188904,Spring 2026,573,528.0,92.14659685863874
BYNUM ISD,109902,Spring 2026,58,51.0,87.93103448275862
CADDO MILLS ISD,116901,Spring 2026,1228,1118.0,91.04234527687296
CALALLEN ISD,178903,Spring 2026,1473,1315.0,89.27359131025119
CALDWELL ISD,026901,Spring 2026,700,599.0,85.57142857142857
CALHOUN COUNTY ISD,029901,Spring 2026,1317,1070.0,81.2452543659833
CALLISBURG ISD,049905,Spring 2026,434,369.0,85.02304147465438
CALVERT ISD,198902,Spring 2026,40,30.0,75.0
CAMERON ISD,166901,Spring 2026,544,440.0,80.88235294117648
CAMPBELL ISD,116910,Spring 2026,122,103.0,84.42622950819673
CANADIAN ISD,106901,Spring 2026,290,259.0,89.3103448275862
CANTON ISD,234902,Spring 2026,862,803.0,93.15545243619489
CANUTILLO ISD,071907,Spring 2026,2120,1692.0,79.81132075471699
CANYON ISD,191901,Spring 2026,4640,4051.0,87.30603448275862
CARLISLE ISD,201913,Spring 2026,203,190.0,93.59605911330048
CARRIZO SPRINGS CISD,064903,Spring 2026,719,554.0,77.05146036161335
CARROLL ISD,220919,Spring 2026,3271,3164.0,96.72882910424947
CARROLLTON-FARMERS BRANCH ISD,057903,Spring 2026,9073,6671.0,73.52584591645541
CARTHAGE ISD,183902,Spring 2026,921,849.0,92.18241042345277
CASTLEBERRY ISD,220917,Spring 2026,1534,1217.0,79.33507170795306
CAYUGA ISD,001902,Spring 2026,250,235.0,94.0
CEDAR HILL ISD,057904,Spring 2026,2793,2051.0,73.43358395989975
CELESTE ISD,116902,Spring 2026,171,152.0,88.88888888888889
CELINA ISD,043903,Spring 2026,2170,1969.0,90.73732718894009
CENTER ISD,210901,Spring 2026,864,715.0,82.75462962962963
CENTER POINT ISD,133901,Spring 2026,229,178.0,77.72925764192141
CENTERVILLE ISD,145902,Spring 2026,220,179.0,81.36363636363636
CENTERVILLE ISD,228904,Spring 2026,81,74.0,91.35802469135803
CENTRAL HEIGHTS ISD,174908,Spring 2026,437,407.0,93.13501144164759
CENTRAL ISD,003907,Spring 2026,539,449.0,83.30241187384044
CHANNELVIEW ISD,101905,Spring 2026,3843,2912.0,75.77413479052824
CHANNING ISD,103901,Spring 2026,46,29.0,63.04347826086957
CHAPEL HILL ISD,212909,Spring 2026,1295,979.0,75.59845559845559
CHAPEL HILL ISD,225906,Spring 2026,339,321.0,94.69026548672566
CHARLOTTE ISD,007901,Spring 2026,159,135.0,84.90566037735849
CHEROKEE ISD,206903,Spring 2026,67,56.0,83.5820895522388
CHESTER ISD,229906,Spring 2026,88,78.0,88.63636363636364
CHICO ISD,249904,Spring 2026,218,185.0,84.86238532110092
CHILDRESS ISD,038901,Spring 2026,356,316.0,88.76404494382022
CHILLICOTHE ISD,099902,Spring 2026,62,51.0,82.25806451612904
CHILTON ISD,073901,Spring 2026,199,176.0,88.44221105527639
CHINA SPRING ISD,161920,Spring 2026,1211,1134.0,93.64161849710982
CHIRENO ISD,174901,Spring 2026,154,135.0,87.66233766233766
CHISUM ISD,139905,Spring 2026,453,385.0,84.98896247240619
CHRISTOVAL ISD,226901,Spring 2026,253,244.0,96.44268774703558
CISCO ISD,067902,Spring 2026,285,276.0,96.84210526315789
CITY VIEW ISD,243906,Spring 2026,417,364.0,87.29016786570743
CLARENDON ISD,065901,Spring 2026,121,103.0,85.12396694214877
CLARKSVILLE ISD,194904,Spring 2026,213,153.0,71.83098591549296
CLAUDE ISD,006902,Spring 2026,125,120.0,96.0
CLEAR CREEK ISD,084910,Spring 2026,16426,14820.0,90.22281748447583
CLEBURNE ISD,126903,Spring 2026,2708,2139.0,78.98818316100443
CLEVELAND ISD,146901,Spring 2026,5500,3383.0,61.509090909090915
CLIFTON ISD,018901,Spring 2026,374,328.0,87.70053475935828
CLINT ISD,071901,Spring 2026,3963,3214.0,81.10017663386323
CLYDE CISD,030902,Spring 2026,564,516.0,91.48936170212765
COAHOMA ISD,114902,Spring 2026,373,326.0,87.39946380697052
COLDSPRING-OAKHURST CISD,204901,Spring 2026,552,412.0,74.63768115942028
COLEMAN ISD,042901,Spring 2026,269,238.0,88.47583643122677
COLLEGE STATION ISD,021901,Spring 2026,5613,5031.0,89.63121325494387
COLLINSVILLE ISD,091902,Spring 2026,219,198.0,90.41095890410958
COLMESNEIL ISD,229901,Spring 2026,159,136.0,85.53459119496856
COLORADO ISD,168901,Spring 2026,301,226.0,75.08305647840533
COLUMBIA-BRAZORIA ISD,020907,Spring 2026,1236,873.0,70.63106796116504
COLUMBUS ISD,045902,Spring 2026,670,523.0,78.05970149253731
COMAL ISD,046902,Spring 2026,12369,11287.0,91.25232435928531
COMANCHE ISD,047901,Spring 2026,446,385.0,86.32286995515696
COMFORT ISD,130902,Spring 2026,410,352.0,85.85365853658537
COMMERCE ISD,116903,Spring 2026,549,427.0,77.77777777777779
COMMUNITY ISD,043918,Spring 2026,2083,1706.0,81.90110417666827
COMO-PICKTON CISD,112908,Spring 2026,279,258.0,92.47311827956989
COMSTOCK ISD,233903,Spring 2026,93,82.0,88.17204301075269
CONNALLY ISD,161921,Spring 2026,743,566.0,76.17765814266487
CONROE ISD,170902,Spring 2026,29058,25055.0,86.22410351710373
COOLIDGE ISD,147901,Spring 2026,117,101.0,86.32478632478633
COOPER ISD,060902,Spring 2026,295,269.0,91.18644067796609
COPPELL ISD,057922,Spring 2026,5488,5252.0,95.69970845481049
COPPERAS COVE ISD,050910,Spring 2026,3024,2507.0,82.90343915343915
CORPUS CHRISTI ISD,178904,Spring 2026,12808,10359.0,80.8791380387258
CORRIGAN-CAMDEN ISD,187904,Spring 2026,330,246.0,74.54545454545455
CORSICANA ISD,175903,Spring 2026,2403,1740.0,72.40948813982521
COTTON CENTER ISD,095902,Spring 2026,23,18.0,78.26086956521739
COTULLA ISD,142901,Spring 2026,432,350.0,81.01851851851852
COUPLAND ISD,246914,Spring 2026,11,11.0,100.0
COVINGTON ISD,109903,Spring 2026,122,89.0,72.95081967213115
CRANDALL ISD,129901,Spring 2026,3052,2394.0,78.44036697247707
CRANE ISD,052901,Spring 2026,664,501.0,75.45180722891565
CRANFILLS GAP ISD,018908,Spring 2026,57,52.0,91.22807017543859
CRAWFORD ISD,161901,Spring 2026,189,183.0,96.82539682539682
CROCKETT COUNTY CONSOLIDATED CSD,053001,Spring 2026,269,231.0,85.87360594795538
CROCKETT ISD,113901,Spring 2026,486,371.0,76.33744855967079
CROSBY ISD,101906,Spring 2026,2947,2350.0,79.74211062097048
CROSBYTON CISD,054901,Spring 2026,107,79.0,73.83177570093457
CROSS PLAINS ISD,030901,Spring 2026,152,132.0,86.8421052631579
CROSS ROADS ISD,107904,Spring 2026,165,156.0,94.54545454545455
CROWELL ISD,078901,Spring 2026,78,66.0,84.61538461538461
CROWLEY ISD,220912,Spring 2026,7538,5717.0,75.84239851419474
CRYSTAL CITY ISD,254901,Spring 2026,612,485.0,79.24836601307189
CUERO ISD,062901,Spring 2026,767,642.0,83.70273794002607
CULBERSON COUNTY-ALLAMOORE ISD,055901,Spring 2026,135,110.0,81.48148148148148
CUMBY COLLEGIATE ISD,112905,Spring 2026,149,121.0,81.20805369127517
CUSHING ISD,174902,Spring 2026,222,191.0,86.03603603603604
CYPRESS-FAIRBANKS ISD,101907,Spring 2026,46907,40926.0,87.24923785362526
D'HANIS ISD,163902,Spring 2026,128,119.0,92.96875
DAINGERFIELD-LONE STAR ISD,172902,Spring 2026,366,316.0,86.33879781420765
DALHART ISD,056901,Spring 2026,717,530.0,73.91910739191074
DALLAS ISD,057905,Spring 2026,48711,38936.0,79.93266407998193
DAMON ISD,020910,Spring 2026,1,0.0,0.0
DANBURY ISD,020904,Spring 2026,232,208.0,89.65517241379311
DARROUZETT ISD,148905,Spring 2026,38,31.0,81.57894736842105
DAWSON ISD,058902,Spring 2026,52,43.0,82.6923076923077
DAWSON ISD,175904,Spring 2026,272,207.0,76.10294117647058
DAYTON ISD,146902,Spring 2026,2377,1883.0,79.2175010517459
DE LEON ISD,047902,Spring 2026,206,191.0,92.71844660194175
DECATUR ISD,249905,Spring 2026,1480,1241.0,83.85135135135135
DEER PARK ISD,101908,Spring 2026,5043,4383.0,86.9125520523498
DEKALB ISD,019901,Spring 2026,398,334.0,83.91959798994975
DEL VALLE ISD,227910,Spring 2026,5152,3181.0,61.743012422360245
DELL CITY ISD,115903,Spring 2026,31,21.0,67.74193548387096
DENISON ISD,091903,Spring 2026,1789,1409.0,78.75908328675237
DENTON ISD,061901,Spring 2026,13198,10604.0,80.34550689498408
DENVER CITY ISD,251901,Spring 2026,644,491.0,76.24223602484473
DESOTO ISD,057906,Spring 2026,2671,2054.0,76.90003743916137
DETROIT ISD,194905,Spring 2026,169,144.0,85.20710059171599
DEVERS ISD,146903,Spring 2026,7,7.0,100.0
DEVINE ISD,163901,Spring 2026,753,633.0,84.06374501992032
DEWEYVILLE ISD,176903,Spring 2026,180,130.0,72.22222222222221
DIBOLL ISD,003905,Spring 2026,607,524.0,86.32619439868205
DICKINSON ISD,084901,Spring 2026,4962,4278.0,86.21523579201936
DILLEY ISD,082902,Spring 2026,269,199.0,73.97769516728626
DIME BOX ISD,144903,Spring 2026,58,38.0,65.51724137931035
DIMMITT ISD,035901,Spring 2026,497,394.0,79.27565392354124
DODD CITY ISD,074904,Spring 2026,127,119.0,93.7007874015748
DONNA ISD,108902,Spring 2026,5213,3609.0,69.23076923076923
DOUGLASS ISD,174911,Spring 2026,187,170.0,90.9090909090909
DRIPPING SPRINGS ISD,105904,Spring 2026,3356,3149.0,93.83194278903456
DRISCOLL ISD,178905,Spring 2026,15,15.0,100.0
DUBLIN ISD,072902,Spring 2026,373,342.0,91.68900804289544
DUMAS ISD,171901,Spring 2026,1454,1263.0,86.86382393397524
DUNCANVILLE ISD,057907,Spring 2026,5544,4139.0,74.65728715728716
EAGLE MT-SAGINAW ISD,220918,Spring 2026,10338,8436.0,81.60185722576901
EAGLE PASS ISD,159901,Spring 2026,3578,2985.0,83.42649524874231
EANES ISD,227909,Spring 2026,3447,3314.0,96.14157238178126
EARLY ISD,025909,Spring 2026,506,465.0,91.89723320158103
EAST BERNARD ISD,241902,Spring 2026,403,380.0,94.29280397022333
EAST CENTRAL ISD,015911,Spring 2026,5280,3841.0,72.74621212121211
EAST CHAMBERS ISD,036903,Spring 2026,657,572.0,87.06240487062405
EASTLAND ISD,067903,Spring 2026,348,300.0,86.20689655172413
ECTOR COUNTY ISD,068901,Spring 2026,12149,9019.0,74.23656268005597
ECTOR ISD,074905,Spring 2026,86,69.0,80.23255813953489
EDCOUCH-ELSA ISD,108903,Spring 2026,1759,1147.0,65.20750426378625
EDEN CISD,048901,Spring 2026,80,58.0,72.5
EDGEWOOD ISD,015905,Spring 2026,2901,1873.0,64.56394346776973
EDGEWOOD ISD,234903,Spring 2026,441,390.0,88.43537414965986
EDINBURG CISD,108904,Spring 2026,12357,9714.0,78.61131342558873
EDNA ISD,120901,Spring 2026,518,467.0,90.15444015444015
EL CAMPO ISD,241903,Spring 2026,1303,1091.0,83.7298541826554
EL PASO ISD,071902,Spring 2026,21963,17355.0,79.01925966398034
ELECTRA ISD,243902,Spring 2026,166,139.0,83.73493975903614
ELGIN ISD,011902,Spring 2026,2606,1703.0,65.34919416730621
ELKHART ISD,001903,Spring 2026,424,393.0,92.68867924528303
ELYSIAN FIELDS ISD,102906,Spring 2026,253,226.0,89.32806324110672
ENNIS ISD,070903,Spring 2026,2528,1975.0,78.125
ERA ISD,049906,Spring 2026,179,168.0,93.85474860335195
EULA ISD,030906,Spring 2026,140,129.0,92.14285714285714
EUSTACE ISD,107905,Spring 2026,698,591.0,84.67048710601719
EVADALE ISD,121906,Spring 2026,158,147.0,93.0379746835443
EVANT ISD,050901,Spring 2026,78,63.0,80.76923076923077
EVERMAN ISD,220904,Spring 2026,2140,1449.0,67.71028037383178
EXCELSIOR ISD,210906,Spring 2026,24,16.0,66.66666666666666
EZZELL ISD,143906,Spring 2026,29,24.0,82.75862068965517
FABENS ISD,071903,Spring 2026,822,578.0,70.31630170316302
FAIRFIELD ISD,081902,Spring 2026,665,565.0,84.9624060150376
FALLS CITY ISD,128904,Spring 2026,176,172.0,97.72727272727273
FANNINDEL ISD,060914,Spring 2026,51,31.0,60.78431372549019
FARMERSVILLE ISD,043904,Spring 2026,1010,911.0,90.1980198019802
FARWELL ISD,185902,Spring 2026,248,221.0,89.11290322580645
FAYETTEVILLE ISD,075906,Spring 2026,129,121.0,93.7984496124031
FERRIS ISD,070905,Spring 2026,1167,981.0,84.06169665809769
FLATONIA ISD,075901,Spring 2026,240,225.0,93.75
FLORENCE ISD,246902,Spring 2026,454,389.0,85.68281938325991
FLORESVILLE ISD,247901,Spring 2026,1718,1371.0,79.80209545983702
FLOUR BLUFF ISD,178914,Spring 2026,2324,2154.0,92.68502581755594
FLOYDADA COLLEGIATE ISD,077901,Spring 2026,234,180.0,76.92307692307693
FOLLETT ISD,148902,Spring 2026,61,45.0,73.77049180327869
FORESTBURG ISD,169910,Spring 2026,69,60.0,86.95652173913044
FORNEY ISD,129902,Spring 2026,8158,6378.0,78.18092669772003
FORSAN ISD,114904,Spring 2026,245,216.0,88.16326530612245
FORT BEND ISD,079907,Spring 2026,34630,29859.0,86.2229280970257
FORT ELLIOTT CISD,242906,Spring 2026,57,50.0,87.71929824561403
FORT STOCKTON ISD,186902,Spring 2026,4926,2903.0,58.93219650832319
FORT WORTH ISD,220905,Spring 2026,29855,21120.0,70.7419192765031
FRANKLIN ISD,198903,Spring 2026,534,507.0,94.9438202247191
FRANKSTON ISD,001904,Spring 2026,287,263.0,91.63763066202091
FREDERICKSBURG ISD,086901,Spring 2026,1326,1126.0,84.91704374057315
FREER ISD,066903,Spring 2026,277,226.0,81.58844765342961
FRENSHIP ISD,152907,Spring 2026,4645,3894.0,83.83207750269106
FRIENDSWOOD ISD,084911,Spring 2026,2526,2384.0,94.37846397466349
FRIONA ISD,185903,Spring 2026,364,306.0,84.06593406593407
FRISCO ISD,043905,Spring 2026,27026,25605.0,94.7421001998076
FROST ISD,175905,Spring 2026,166,129.0,77.71084337349397
FRUITVALE ISD,234909,Spring 2026,118,102.0,86.4406779661017
FT DAVIS ISD,122901,Spring 2026,78,72.0,92.3076923076923
FT HANCOCK ISD,115901,Spring 2026,158,140.0,88.60759493670885
FT SAM HOUSTON ISD,015914,Spring 2026,535,522.0,97.57009345794393
GAINESVILLE ISD,049901,Spring 2026,1237,940.0,75.99029911075182
GALENA PARK ISD,101910,Spring 2026,8365,6917.0,82.68977884040646
GALVESTON ISD,084902,Spring 2026,2720,2048.0,75.29411764705883
GANADO ISD,120902,Spring 2026,297,253.0,85.18518518518519
GARLAND ISD,057909,Spring 2026,20839,16535.0,79.34641777436538
GARNER ISD,184911,Spring 2026,130,122.0,93.84615384615384
GARRISON ISD,174903,Spring 2026,300,258.0,86.0
GARY ISD,183904,Spring 2026,196,163.0,83.16326530612244
GATESVILLE ISD,050902,Spring 2026,908,801.0,88.21585903083701
GEORGE WEST ISD,149901,Spring 2026,337,311.0,92.28486646884274
GEORGETOWN ISD,246904,Spring 2026,5894,4771.0,80.94672548354258
GHOLSON ISD,161925,Spring 2026,74,65.0,87.83783783783784
GIDDINGS ISD,144901,Spring 2026,733,650.0,88.67667121418826
GILMER ISD,230902,Spring 2026,1135,980.0,86.34361233480176
GLADEWATER ISD,092901,Spring 2026,597,481.0,80.56951423785594
GLASSCOCK COUNTY ISD,087901,Spring 2026,93,84.0,90.32258064516128
GLEN ROSE ISD,213901,Spring 2026,677,631.0,93.205317577548
GODLEY ISD,126911,Spring 2026,1256,1053.0,83.8375796178344
GOLD BURG ISD,169906,Spring 2026,69,49.0,71.01449275362319
GOLDTHWAITE ISD,167901,Spring 2026,170,164.0,96.47058823529412
GOLIAD ISD,088902,Spring 2026,452,409.0,90.48672566371681
GONZALES ISD,089901,Spring 2026,1090,811.0,74.40366972477064
GOODRICH ISD,187903,Spring 2026,90,83.0,92.22222222222223
GOOSE CREEK CISD,101911,Spring 2026,9650,7508.0,77.80310880829016
GORDON ISD,182901,Spring 2026,115,102.0,88.69565217391305
GORMAN ISD,067904,Spring 2026,71,56.0,78.87323943661971
GRADY ISD,156905,Spring 2026,88,87.0,98.86363636363636
GRAFORD ISD,182902,Spring 2026,146,125.0,85.61643835616438
GRAHAM ISD,252901,Spring 2026,888,703.0,79.16666666666666
GRANBURY ISD,111901,Spring 2026,3023,2646.0,87.52894475686405
GRAND PRAIRIE ISD,057910,Spring 2026,12067,9184.0,76.10839479572388
GRAND SALINE ISD,234904,Spring 2026,500,405.0,81.0
GRANDFALLS-ROYALTY ISD,238904,Spring 2026,41,23.0,56.09756097560976
GRANDVIEW ISD,126904,Spring 2026,561,515.0,91.80035650623886
GRANGER ISD,246905,Spring 2026,238,197.0,82.77310924369748
GRAPE CREEK ISD,226907,Spring 2026,392,330.0,84.18367346938776
GRAPELAND ISD,113902,Spring 2026,206,179.0,86.89320388349515
GRAPEVINE-COLLEYVILLE ISD,220906,Spring 2026,5943,5508.0,92.68046441191318
GREENVILLE ISD,116905,Spring 2026,2278,1660.0,72.87093942054433
GREENWOOD ISD,165902,Spring 2026,1466,1216.0,82.94679399727148
GREGORY-PORTLAND ISD,205902,Spring 2026,1915,1718.0,89.71279373368147
GROESBECK ISD,147902,Spring 2026,541,451.0,83.3641404805915
GROOM ISD,033901,Spring 2026,45,38.0,84.44444444444444
GROVETON ISD,228901,Spring 2026,299,274.0,91.63879598662207
GRUVER ISD,098901,Spring 2026,162,159.0,98.14814814814815
GUNTER ISD,091917,Spring 2026,526,497.0,94.48669201520913
GUSTINE ISD,047903,Spring 2026,68,57.0,83.82352941176471
GUTHRIE CSD,135001,Spring 2026,55,46.0,83.63636363636363
HALE CENTER ISD,095903,Spring 2026,227,196.0,86.34361233480176
HALLETTSVILLE ISD,143901,Spring 2026,421,366.0,86.93586698337292
HALLSVILLE ISD,102904,Spring 2026,24110,14214.0,58.954790543343016
HAMILTON ISD,097902,Spring 2026,354,303.0,85.59322033898306
HAMLIN COLLEGIATE ISD,127903,Spring 2026,152,107.0,70.39473684210526
HAMSHIRE-FANNETT ISD,123914,Spring 2026,769,704.0,91.54746423927178
HAPPY ISD,219901,Spring 2026,102,90.0,88.23529411764706
HARDIN ISD,146904,Spring 2026,472,373.0,79.02542372881356
HARDIN-JEFFERSON ISD,100905,Spring 2026,1007,908.0,90.16881827209534
HARLANDALE ISD,015904,Spring 2026,4725,3385.0,71.64021164021163
HARLETON ISD,102905,Spring 2026,215,200.0,93.02325581395348
HARLINGEN CISD,031903,Spring 2026,6559,5508.0,83.97621588656807
HARMONY ISD,230905,Spring 2026,337,305.0,90.50445103857567
HARPER ISD,086902,Spring 2026,208,181.0,87.01923076923077
HARROLD ISD,244901,Spring 2026,87,84.0,96.55172413793103
HART ISD,035902,Spring 2026,62,51.0,82.25806451612904
HARTLEY ISD,103902,Spring 2026,76,68.0,89.47368421052632
HARTS BLUFF ISD,225907,Spring 2026,288,248.0,86.11111111111111
HASKELL CISD,104901,Spring 2026,181,164.0,90.60773480662984
HAWKINS ISD,250902,Spring 2026,279,238.0,85.30465949820788
HAWLEY ISD,127904,Spring 2026,289,260.0,89.96539792387543
HAYS CISD,105906,Spring 2026,9747,8259.0,84.73376423514928
HEARNE ISD,198905,Spring 2026,334,209.0,62.5748502994012
HEDLEY ISD,065902,Spring 2026,24,12.0,50.0
HEMPHILL ISD,202903,Spring 2026,233,217.0,93.13304721030042
HEMPSTEAD ISD,237902,Spring 2026,705,465.0,65.95744680851064
HENDERSON ISD,201902,Spring 2026,1243,998.0,80.28962188254224
HENRIETTA ISD,039902,Spring 2026,354,323.0,91.24293785310734
HEREFORD ISD,059901,Spring 2026,1596,1212.0,75.93984962406014
HERMLEIGH ISD,208901,Spring 2026,121,110.0,90.9090909090909
HICO ISD,097903,Spring 2026,239,218.0,91.21338912133892
HIDALGO ISD,108905,Spring 2026,1318,907.0,68.81638846737481
HIGH ISLAND ISD,084903,Spring 2026,59,49.0,83.05084745762711
HIGHLAND ISD,177905,Spring 2026,76,76.0,100.0
HIGHLAND PARK ISD,057911,Spring 2026,2315,2270.0,98.0561555075594
HIGHLAND PARK ISD,188903,Spring 2026,261,236.0,90.42145593869732
HILLSBORO ISD,109904,Spring 2026,711,631.0,88.74824191279887
HITCHCOCK ISD,084908,Spring 2026,659,503.0,76.32776934749621
HOLLAND ISD,014905,Spring 2026,221,207.0,93.66515837104072
HOLLIDAY ISD,005902,Spring 2026,444,412.0,92.7927927927928
HONDO ISD,163904,Spring 2026,707,609.0,86.13861386138613
HONEY GROVE ISD,074907,Spring 2026,284,257.0,90.49295774647888
HOOKS ISD,019902,Spring 2026,402,342.0,85.07462686567165
HOUSTON ISD,101912,Spring 2026,64546,52446.0,81.25367954637002
HOWE ISD,091905,Spring 2026,448,413.0,92.1875
HUBBARD ISD,109905,Spring 2026,148,132.0,89.1891891891892
HUCKABAY ISD,072908,Spring 2026,98,95.0,96.93877551020408
HUDSON ISD,003902,Spring 2026,1023,924.0,90.32258064516128
HUFFMAN ISD,101925,Spring 2026,1643,1297.0,78.94096165550822
HUGHES SPRINGS ISD,034903,Spring 2026,421,374.0,88.83610451306413
HULL-DAISETTA ISD,146905,Spring 2026,145,97.0,66.89655172413794
HUMBLE ISD,101913,Spring 2026,20798,17720.0,85.20050004808155
HUNT ISD,133902,Spring 2026,9,9.0,100.0
HUNTINGTON ISD,003904,Spring 2026,571,511.0,89.49211908931699
HUNTSVILLE ISD,236902,Spring 2026,6790,5257.0,77.42268041237114
HURST-EULESS-BEDFORD ISD,220916,Spring 2026,8699,7690.0,88.40096562823312
HUTTO ISD,246906,Spring 2026,4417,3592.0,81.32216436495358
IDALOU ISD,152910,Spring 2026,345,331.0,95.94202898550725
INDUSTRIAL ISD,120905,Spring 2026,424,412.0,97.16981132075472
INGLESIDE ISD,205903,Spring 2026,816,706.0,86.51960784313727
INGRAM ISD,133904,Spring 2026,405,355.0,87.65432098765432
IOLA ISD,093903,Spring 2026,233,215.0,92.27467811158799
IOWA PARK CISD,243903,Spring 2026,652,601.0,92.17791411042946
IRA ISD,208903,Spring 2026,112,107.0,95.53571428571429
IRAAN-SHEFFIELD COLLEGIATE ISD,186903,Spring 2026,136,124.0,91.17647058823529
IREDELL ISD,018906,Spring 2026,28,26.0,92.85714285714286
IRION COUNTY ISD,118902,Spring 2026,133,127.0,95.48872180451127
IRVING ISD,057912,Spring 2026,11991,9138.0,76.20715536652489
ITALY ISD,070907,Spring 2026,204,178.0,87.25490196078431
ITASCA ISD,109907,Spring 2026,311,263.0,84.56591639871382
JACKSBORO ISD,119902,Spring 2026,432,386.0,89.35185185185185
JACKSONVILLE ISD,037904,Spring 2026,1711,1259.0,73.58270017533606
JARRELL ISD,246907,Spring 2026,1653,1280.0,77.43496672716273
JASPER ISD,121904,Spring 2026,757,552.0,72.91941875825627
JAYTON-GIRARD ISD,132902,Spring 2026,81,77.0,95.06172839506173
JEFFERSON ISD,155901,Spring 2026,444,354.0,79.72972972972973
JIM HOGG COUNTY ISD,124901,Spring 2026,371,306.0,82.47978436657682
JIM NED CISD,221911,Spring 2026,571,535.0,93.6952714535902
JOAQUIN ISD,210902,Spring 2026,224,196.0,87.5
JOHNSON CITY ISD,016901,Spring 2026,302,268.0,88.74172185430463
JONESBORO ISD,050909,Spring 2026,103,83.0,80.58252427184466
JOSHUA ISD,126905,Spring 2026,2332,2051.0,87.95025728987993
JOURDANTON ISD,007902,Spring 2026,645,524.0,81.24031007751938
JUDSON ISD,015916,Spring 2026,8693,6372.0,73.30035660876567
JUNCTION ISD,134901,Spring 2026,274,201.0,73.35766423357664
KARNES CITY ISD,128901,Spring 2026,337,289.0,85.7566765578635
KATY ISD,101914,Spring 2026,39251,35633.0,90.78240044839622
KAUFMAN ISD,129903,Spring 2026,1607,1389.0,86.43434971997512
KEENE ISD,126906,Spring 2026,502,460.0,91.63346613545816
KELLER ISD,220907,Spring 2026,12704,11434.0,90.00314861460957
KELTON ISD,242905,Spring 2026,69,58.0,84.05797101449275
KEMP ISD,129904,Spring 2026,738,539.0,73.03523035230353
KENEDY ISD,128902,Spring 2026,195,155.0,79.48717948717949
KENNARD ISD,113906,Spring 2026,94,85.0,90.42553191489363
KENNEDALE ISD,220914,Spring 2026,1206,968.0,80.2653399668325
KERENS ISD,175907,Spring 2026,265,209.0,78.8679245283019
KERMIT ISD,248901,Spring 2026,511,371.0,72.6027397260274
KERRVILLE ISD,133903,Spring 2026,1616,1393.0,86.20049504950495
KILGORE ISD,092902,Spring 2026,1482,1194.0,80.5668016194332
KILLEEN ISD,014906,Spring 2026,14711,11859.0,80.6131466249745
KINGSVILLE ISD,137901,Spring 2026,1062,683.0,64.31261770244822
KIRBYVILLE CISD,121905,Spring 2026,526,434.0,82.50950570342205
KLEIN ISD,101915,Spring 2026,22118,18989.0,85.85315127950086
KLONDIKE ISD,058905,Spring 2026,82,80.0,97.5609756097561
KNIPPA ISD,232901,Spring 2026,107,99.0,92.5233644859813
KNOX CITY-O'BRIEN CISD,138902,Spring 2026,62,58.0,93.54838709677419
KOPPERL ISD,018907,Spring 2026,45,36.0,80.0
KOUNTZE ISD,100903,Spring 2026,399,316.0,79.19799498746866
KRESS ISD,219905,Spring 2026,107,88.0,82.2429906542056
KRUM ISD,061905,Spring 2026,1085,875.0,80.64516129032258
LA FERIA ISD,031905,Spring 2026,1097,864.0,78.7602552415679
LA GRANGE ISD,075902,Spring 2026,794,686.0,86.39798488664987
LA JOYA ISD,108912,Spring 2026,8996,6730.0,74.81102712316586
LA PORTE ISD,101916,Spring 2026,2871,2342.0,81.57436433298503
LA PRYOR ISD,254902,Spring 2026,144,117.0,81.25
LA VEGA ISD,161906,Spring 2026,1256,932.0,74.20382165605095
LA VERNIA ISD,247903,Spring 2026,1444,1302.0,90.1662049861496
LA VILLA ISD,108914,Spring 2026,217,178.0,82.02764976958525
LACKLAND ISD,015913,Spring 2026,259,245.0,94.5945945945946
LAGO VISTA ISD,227912,Spring 2026,853,704.0,82.53223915592028
LAKE DALLAS ISD,061912,Spring 2026,1572,1381.0,87.8498727735369
LAKE TRAVIS ISD,227913,Spring 2026,4211,3927.0,93.2557587271432
LAKE WORTH ISD,220910,Spring 2026,1192,833.0,69.88255033557047
LAMAR CISD,079901,Spring 2026,18940,16607.0,87.68215417106653
LAMESA ISD,058906,Spring 2026,565,448.0,79.29203539823008
LAMPASAS ISD,141901,Spring 2026,1409,1215.0,86.23136976579134
LANCASTER ISD,057913,Spring 2026,2600,2138.0,82.23076923076923
LANEVILLE ISD,201903,Spring 2026,43,37.0,86.04651162790698
LAPOYNOR ISD,107910,Spring 2026,170,152.0,89.41176470588236
LAREDO ISD,240901,Spring 2026,2699,1483.0,54.94627639866617
LASARA ISD,245901,Spring 2026,98,74.0,75.51020408163265
LATEXO ISD,113905,Spring 2026,144,120.0,83.33333333333334
LAZBUDDIE ISD,185904,Spring 2026,52,50.0,96.15384615384616
LEAKEY ISD,193902,Spring 2026,130,120.0,92.3076923076923
LEANDER ISD,246913,Spring 2026,17085,15483.0,90.6233538191396
LEFORS ISD,090902,Spring 2026,64,45.0,70.3125
LEGGETT ISD,187906,Spring 2026,65,53.0,81.53846153846153
LEON ISD,145911,Spring 2026,282,228.0,80.85106382978722
LEONARD ISD,074909,Spring 2026,401,329.0,82.04488778054862
LEVELLAND ISD,110902,Spring 2026,899,754.0,83.87096774193549
LEVERETTS CHAPEL ISD,201904,Spring 2026,78,72.0,92.3076923076923
LEWISVILLE ISD,061902,Spring 2026,12564,10476.0,83.3810888252149
LEXINGTON ISD,144902,Spring 2026,351,306.0,87.17948717948718
LIBERTY HILL ISD,246908,Spring 2026,3798,3369.0,88.70458135860979
LIBERTY ISD,146906,Spring 2026,1103,837.0,75.8839528558477
LIBERTY-EYLAU ISD,019908,Spring 2026,910,584.0,64.17582417582418
LINDALE ISD,212903,Spring 2026,1645,1516.0,92.1580547112462
LINDEN-KILDARE CISD,034905,Spring 2026,188,164.0,87.2340425531915
LINDSAY ISD,049907,Spring 2026,163,158.0,96.93251533742331
LINGLEVILLE ISD,072909,Spring 2026,92,88.0,95.65217391304348
LIPAN ISD,111902,Spring 2026,202,181.0,89.60396039603961
LITTLE CYPRESS-MAURICEVILLE CISD,181908,Spring 2026,1301,1118.0,85.93389700230591
LITTLE ELM ISD,061914,Spring 2026,2009,1500.0,74.66401194624191
LITTLEFIELD ISD,140904,Spring 2026,445,371.0,83.37078651685394
LIVINGSTON ISD,187907,Spring 2026,1529,1200.0,78.48266841072596
LLANO ISD,150901,Spring 2026,683,529.0,77.45241581259151
LOCKHART ISD,028902,Spring 2026,2902,2072.0,71.39903514817367
LOCKNEY ISD,077902,Spring 2026,163,124.0,76.07361963190185
LOHN ISD,160905,Spring 2026,34,30.0,88.23529411764706
LOMETA ISD,141902,Spring 2026,118,100.0,84.7457627118644
LONDON ISD,178906,Spring 2026,806,777.0,96.40198511166254
LONE OAK ISD,116906,Spring 2026,409,367.0,89.73105134474328
LONGVIEW ISD,092903,Spring 2026,3244,2805.0,86.46732429099877
LOOP ISD,083902,Spring 2026,35,35.0,100.0
LORAINE ISD,168902,Spring 2026,48,38.0,79.16666666666666
LORENA ISD,161907,Spring 2026,673,630.0,93.61069836552748
LORENZO ISD,054902,Spring 2026,81,66.0,81.48148148148148
LOS FRESNOS CISD,031906,Spring 2026,2723,2271.0,83.40066103562248
LOUISE ISD,241906,Spring 2026,204,170.0,83.33333333333334
LOVEJOY ISD,043919,Spring 2026,1857,1829.0,98.49219170705439
LOVELADY ISD,113903,Spring 2026,196,189.0,96.42857142857143
LUBBOCK ISD,152901,Spring 2026,8651,6972.0,80.59183909374639
LUBBOCK-COOPER ISD,152906,Spring 2026,3231,2977.0,92.13865676261219
LUEDERS-AVOCA ISD,127905,Spring 2026,38,35.0,92.10526315789474
LUFKIN ISD,003903,Spring 2026,2802,2014.0,71.87723054960742
LULING ISD,028903,Spring 2026,526,428.0,81.36882129277566
LUMBERTON ISD,100907,Spring 2026,1552,1411.0,90.91494845360825
LYFORD CISD,245902,Spring 2026,571,442.0,77.40805604203153
LYTLE ISD,007904,Spring 2026,740,560.0,75.67567567567568
MABANK ISD,129905,Spring 2026,1474,1280.0,86.83853459972863
MADISONVILLE CISD,154901,Spring 2026,887,785.0,88.50056369785794
MAGNOLIA ISD,170906,Spring 2026,5896,5102.0,86.53324287652646
MALAKOFF ISD,107906,Spring 2026,527,466.0,88.42504743833017
MANOR ISD,227907,Spring 2026,3568,1888.0,52.91479820627802
MANSFIELD ISD,220908,Spring 2026,14997,13200.0,88.01760352070414
MARATHON ISD,022902,Spring 2026,13,6.0,46.15384615384615
MARBLE FALLS ISD,027904,Spring 2026,1533,1170.0,76.32093933463796
MARFA ISD,189901,Spring 2026,59,50.0,84.7457627118644
MARION ISD,094904,Spring 2026,709,610.0,86.03667136812412
MARLIN ISD,073903,Spring 2026,316,207.0,65.50632911392405
MARSHALL ISD,102902,Spring 2026,1732,1224.0,70.66974595842956
MART ISD,161908,Spring 2026,208,171.0,82.21153846153845
MARTINS MILL ISD,234905,Spring 2026,210,189.0,90.0
MARTINSVILLE ISD,174909,Spring 2026,110,95.0,86.36363636363636
MASON ISD,157901,Spring 2026,254,246.0,96.8503937007874
MATAGORDA ISD,158904,Spring 2026,44,37.0,84.0909090909091
MATHIS ISD,205904,Spring 2026,510,443.0,86.86274509803921
MAUD ISD,019903,Spring 2026,163,147.0,90.1840490797546
MAY ISD,025905,Spring 2026,74,61.0,82.43243243243244
MAYPEARL ISD,070915,Spring 2026,474,352.0,74.26160337552743
MCALLEN ISD,108906,Spring 2026,8006,6921.0,86.44766425181115
MCCAMEY ISD,231901,Spring 2026,213,139.0,65.25821596244131
MCDADE ISD,011905,Spring 2026,142,117.0,82.3943661971831
MCGREGOR ISD,161909,Spring 2026,569,514.0,90.33391915641477
MCKINNEY ISD,043907,Spring 2026,9846,8669.0,88.04590696729636
MCLEAN ISD,090903,Spring 2026,69,66.0,95.65217391304348
MCLEOD ISD,034906,Spring 2026,181,155.0,85.6353591160221
MCMULLEN COUNTY ISD,162904,Spring 2026,114,113.0,99.12280701754386
MEADOW ISD,223902,Spring 2026,74,60.0,81.08108108108108
MEDINA ISD,010901,Spring 2026,84,75.0,89.28571428571429
MEDINA VALLEY ISD,163908,Spring 2026,3917,3352.0,85.57569568547358
MELISSA ISD,043908,Spring 2026,2874,2653.0,92.31036882393876
MEMPHIS ISD,096904,Spring 2026,141,120.0,85.1063829787234
MENARD ISD,164901,Spring 2026,66,55.0,83.33333333333334
MERCEDES ISD,108907,Spring 2026,1624,1166.0,71.79802955665025
MERIDIAN ISD,018902,Spring 2026,135,94.0,69.62962962962963
MERKEL ISD,221904,Spring 2026,415,368.0,88.67469879518072
MESQUITE ISD,057914,Spring 2026,15906,12436.0,78.18433295611719
MEXIA ISD,147903,Spring 2026,680,508.0,74.70588235294117
MEYERSVILLE ISD,062906,Spring 2026,4,0.0,0.0
MIAMI ISD,197902,Spring 2026,62,62.0,100.0
MIDLAND ISD,165901,Spring 2026,11241,8087.0,71.94199804287875
MIDLOTHIAN ISD,070908,Spring 2026,4830,4336.0,89.77225672877847
MIDWAY ISD,039905,Spring 2026,43,40.0,93.02325581395348
MIDWAY ISD,161903,Spring 2026,3319,3096.0,93.28110876770111
MILANO ISD,166903,Spring 2026,150,134.0,89.33333333333333
MILDRED ISD,175910,Spring 2026,393,325.0,82.69720101781171
MILES ISD,200902,Spring 2026,172,158.0,91.86046511627907
MILFORD ISD,070909,Spring 2026,125,93.0,74.4
MILLER GROVE ISD,112907,Spring 2026,122,112.0,91.80327868852459
MILLSAP ISD,184904,Spring 2026,379,330.0,87.0712401055409
MINEOLA ISD,250903,Spring 2026,639,582.0,91.07981220657277
MINERAL WELLS ISD,182903,Spring 2026,1152,857.0,74.39236111111111
MISSION CISD,108908,Spring 2026,5238,4042.0,77.1668575792287
MONAHANS-WICKETT-PYOTE ISD,238902,Spring 2026,832,645.0,77.52403846153845
MONTE ALTO ISD,108915,Spring 2026,320,248.0,77.5
MONTGOMERY ISD,170903,Spring 2026,4158,3787.0,91.07744107744108
MOODY ISD,161910,Spring 2026,268,219.0,81.71641791044776
MORAN ISD,209902,Spring 2026,50,29.0,57.99999999999999
MORGAN ISD,018903,Spring 2026,51,45.0,88.23529411764706
MORGAN MILL ISD,072910,Spring 2026,17,13.0,76.47058823529412
MORTON ISD,040901,Spring 2026,147,101.0,68.70748299319727
MOTLEY COUNTY ISD,173901,Spring 2026,66,64.0,96.96969696969697
MOULTON ISD,143902,Spring 2026,98,85.0,86.73469387755102
MOUNT CALM ISD,109910,Spring 2026,57,47.0,82.45614035087719
MOUNT ENTERPRISE ISD,201907,Spring 2026,171,153.0,89.47368421052632
MOUNT PLEASANT ISD,225902,Spring 2026,1884,1628.0,86.41188959660298
MOUNT VERNON ISD,080901,Spring 2026,496,427.0,86.08870967741935
MUENSTER ISD,049902,Spring 2026,210,200.0,95.23809523809523
MULESHOE ISD,009901,Spring 2026,467,403.0,86.29550321199143
MULLIN ISD,167902,Spring 2026,68,54.0,79.41176470588235
MUMFORD ISD,198906,Spring 2026,189,186.0,98.4126984126984
MUNDAY CISD,138903,Spring 2026,173,141.0,81.5028901734104
NACOGDOCHES ISD,174904,Spring 2026,2326,1677.0,72.09802235597593
NATALIA ISD,163903,Spring 2026,516,389.0,75.3875968992248
NAVARRO ISD,094903,Spring 2026,1114,960.0,86.17594254937163
NAVASOTA ISD,093904,Spring 2026,1260,1020.0,80.95238095238095
NAZARETH ISD,035903,Spring 2026,90,90.0,100.0
NECHES ISD,001906,Spring 2026,113,112.0,99.11504424778761
NEDERLAND ISD,123905,Spring 2026,2016,1790.0,88.78968253968253
NEEDVILLE ISD,079906,Spring 2026,1461,1362.0,93.22381930184805
NEW BOSTON ISD,019905,Spring 2026,387,324.0,83.72093023255815
NEW BRAUNFELS ISD,046901,Spring 2026,4054,3527.0,87.0004933399112
NEW CANEY ISD,170908,Spring 2026,7949,6341.0,79.77104038243804
NEW DEAL ISD,152902,Spring 2026,246,233.0,94.71544715447155
NEW DIANA ISD,230906,Spring 2026,440,398.0,90.45454545454545
NEW HOME ISD,153905,Spring 2026,211,200.0,94.7867298578199
NEW SUMMERFIELD ISD,037908,Spring 2026,181,155.0,85.6353591160221
NEW WAVERLY ISD,236901,Spring 2026,431,397.0,92.11136890951276
NEWCASTLE ISD,252902,Spring 2026,86,84.0,97.67441860465115
NEWTON ISD,176902,Spring 2026,401,312.0,77.80548628428927
NIXON-SMILEY CISD,089903,Spring 2026,385,272.0,70.64935064935065
NOCONA ISD,169902,Spring 2026,282,256.0,90.78014184397163
NORDHEIM ISD,062902,Spring 2026,60,51.0,85.0
NORMANGEE ISD,145906,Spring 2026,247,217.0,87.85425101214574
NORTH EAST ISD,015910,Spring 2026,22817,19556.0,85.7080247184117
NORTH HOPKINS ISD,112906,Spring 2026,182,153.0,84.06593406593407
NORTH LAMAR ISD,139911,Spring 2026,908,754.0,83.03964757709251
NORTH ZULCH ISD,154903,Spring 2026,108,103.0,95.37037037037037
NORTHSIDE ISD,015915,Spring 2026,40269,34654.0,86.05627157366709
NORTHSIDE ISD,244905,Spring 2026,93,81.0,87.09677419354838
NORTHWEST ISD,061911,Spring 2026,12265,10771.0,87.8189971463514
NUECES CANYON CISD,069902,Spring 2026,76,71.0,93.42105263157895
O'DONNELL ISD,153903,Spring 2026,94,88.0,93.61702127659575
OAKWOOD ISD,145907,Spring 2026,78,63.0,80.76923076923077
ODEM-EDROY ISD,205905,Spring 2026,334,299.0,89.52095808383234
OGLESBY ISD,050904,Spring 2026,93,80.0,86.02150537634408
OLFEN ISD,200906,Spring 2026,29,22.0,75.86206896551724
OLNEY ISD,252903,Spring 2026,221,198.0,89.59276018099548
OLTON ISD,140905,Spring 2026,207,170.0,82.1256038647343
ONALASKA ISD,187910,Spring 2026,420,365.0,86.90476190476191
ORANGE GROVE ISD,125903,Spring 2026,636,554.0,87.10691823899371
ORANGEFIELD ISD,181905,Spring 2026,623,548.0,87.96147672552166
ORE CITY ISD,230903,Spring 2026,282,243.0,86.17021276595744
OVERTON ISD,201908,Spring 2026,222,180.0,81.08108108108108
PADUCAH ISD,051901,Spring 2026,71,59.0,83.09859154929578
PAINT CREEK ISD,104907,Spring 2026,52,45.0,86.53846153846155
PAINT ROCK ISD,048903,Spring 2026,201,116.0,57.711442786069654
PALACIOS ISD,158905,Spring 2026,580,481.0,82.93103448275862
PALESTINE ISD,001907,Spring 2026,1261,1030.0,81.68120539254559
PALMER ISD,070910,Spring 2026,508,475.0,93.50393700787401
PAMPA ISD,090904,Spring 2026,1305,1028.0,78.77394636015326
PANHANDLE ISD,033902,Spring 2026,195,182.0,93.33333333333333
PANTHER CREEK CISD,042905,Spring 2026,59,43.0,72.88135593220339
PARADISE ISD,249906,Spring 2026,491,462.0,94.09368635437882
PARIS ISD,139909,Spring 2026,1247,1015.0,81.3953488372093
PASADENA ISD,101917,Spring 2026,18865,15074.0,79.90458521070765
PAWNEE ISD,013902,Spring 2026,29,21.0,72.41379310344827
PEARLAND ISD,020908,Spring 2026,9141,8323.0,91.05130729679466
PEARSALL ISD,082903,Spring 2026,758,559.0,73.7467018469657
PEASTER ISD,184908,Spring 2026,592,541.0,91.38513513513513
PECOS-BARSTOW-TOYAH ISD,195901,Spring 2026,1123,821.0,73.10774710596615
PENELOPE ISD,109914,Spring 2026,84,77.0,91.66666666666666
PERRIN-WHITT CISD,119903,Spring 2026,109,103.0,94.4954128440367
PERRYTON ISD,179901,Spring 2026,728,626.0,85.98901098901099
PETERSBURG ISD,095904,Spring 2026,92,78.0,84.78260869565217
PETROLIA CISD,039903,Spring 2026,198,187.0,94.44444444444444
PETTUS ISD,013903,Spring 2026,175,150.0,85.71428571428571
PEWITT CISD,172905,Spring 2026,294,246.0,83.6734693877551
PFLUGERVILLE ISD,227904,Spring 2026,10613,8461.0,79.72298124941109
PHARR-SAN JUAN-ALAMO ISD,108909,Spring 2026,11596,9443.0,81.4332528458089
PILOT POINT ISD,061903,Spring 2026,751,576.0,76.69773635153129
PINE TREE ISD,092904,Spring 2026,1700,1436.0,84.47058823529412
PITTSBURG ISD,032902,Spring 2026,804,713.0,88.68159203980099
PLAINS ISD,251902,Spring 2026,156,133.0,85.25641025641025
PLAINVIEW ISD,095905,Spring 2026,1737,1328.0,76.45365572826712
PLANO ISD,043910,Spring 2026,18201,15116.0,83.05038184715126
PLEASANT GROVE ISD,019912,Spring 2026,978,904.0,92.43353783231085
PLEASANTON ISD,007905,Spring 2026,1305,1011.0,77.47126436781609
PLEMONS-STINNETT-PHILLIPS CISD,117904,Spring 2026,185,162.0,87.56756756756758
POINT ISABEL ISD,031909,Spring 2026,745,587.0,78.79194630872483
PONDER ISD,061906,Spring 2026,728,655.0,89.97252747252747
POOLVILLE ISD,184901,Spring 2026,261,218.0,83.5249042145594
PORT ARANSAS ISD,178908,Spring 2026,256,242.0,94.53125
PORT ARTHUR ISD,123907,Spring 2026,2881,2006.0,69.6286011801458
PORT NECHES-GROVES ISD,123908,Spring 2026,2132,1797.0,84.28705440900562
POST ISD,085902,Spring 2026,267,198.0,74.15730337078652
POTEET ISD,007906,Spring 2026,671,532.0,79.28464977645305
POTH ISD,247904,Spring 2026,376,347.0,92.2872340425532
POTTSBORO ISD,091913,Spring 2026,528,495.0,93.75
PRAIRIE LEA ISD,028906,Spring 2026,131,75.0,57.25190839694656
PRAIRIE VALLEY ISD,169909,Spring 2026,33,32.0,96.96969696969697
PRAIRILAND ISD,139912,Spring 2026,369,325.0,88.07588075880759
PREMONT ISD,125905,Spring 2026,284,206.0,72.53521126760563
PRESIDIO ISD,189902,Spring 2026,474,380.0,80.16877637130801
PRIDDY ISD,167904,Spring 2026,34,30.0,88.23529411764706
PRINCETON ISD,043911,Spring 2026,4329,3456.0,79.83367983367984
PRINGLE-MORSE CISD,098903,Spring 2026,42,38.0,90.47619047619048
PROGRESO ISD,108910,Spring 2026,652,493.0,75.61349693251533
PROSPER ISD,043912,Spring 2026,12739,12070.0,94.74841039328048
QUANAH ISD,099903,Spring 2026,150,132.0,88.0
QUEEN CITY ISD,034907,Spring 2026,323,268.0,82.97213622291022
QUINLAN ISD,116908,Spring 2026,1124,930.0,82.74021352313167
QUITMAN ISD,250904,Spring 2026,424,358.0,84.43396226415094
RAINS ISD,190903,Spring 2026,582,485.0,83.33333333333334
RALLS ISD,054903,Spring 2026,147,109.0,74.14965986394559
RANDOLPH FIELD ISD,015906,Spring 2026,571,546.0,95.6217162872154
RANGER ISD,067907,Spring 2026,126,91.0,72.22222222222221
RANKIN ISD,231902,Spring 2026,112,108.0,96.42857142857143
RAYMONDVILLE ISD,245903,Spring 2026,734,603.0,82.1525885558583
REAGAN COUNTY ISD,192901,Spring 2026,285,226.0,79.2982456140351
RED LICK ISD,019911,Spring 2026,14,14.0,100.0
RED OAK ISD,070911,Spring 2026,2806,2253.0,80.29223093371347
REDWATER ISD,019906,Spring 2026,449,430.0,95.7683741648107
REFUGIO ISD,196903,Spring 2026,216,186.0,86.11111111111111
RICARDO ISD,137902,Spring 2026,18,18.0,100.0
RICE CISD,045903,Spring 2026,615,429.0,69.7560975609756
RICE ISD,175911,Spring 2026,406,358.0,88.17733990147784
RICHARDS ISD,093905,Spring 2026,73,60.0,82.1917808219178
RICHARDSON ISD,057916,Spring 2026,14050,11068.0,78.77580071174377
RICHLAND SPRINGS ISD,206902,Spring 2026,34,32.0,94.11764705882352
RIESEL ISD,161912,Spring 2026,273,248.0,90.84249084249085
RIO GRANDE CITY GRULLA ISD,214901,Spring 2026,3744,2784.0,74.35897435897436
RIO HONDO ISD,031911,Spring 2026,559,448.0,80.14311270125224
RIO VISTA ISD,126907,Spring 2026,376,339.0,90.1595744680851
RISING STAR ISD,067908,Spring 2026,52,43.0,82.6923076923077
RIVER ROAD ISD,188902,Spring 2026,463,396.0,85.52915766738661
RIVERCREST ISD,194903,Spring 2026,271,219.0,80.81180811808119
RIVIERA ISD,137903,Spring 2026,186,176.0,94.6236559139785
ROBERT LEE ISD,041902,Spring 2026,105,93.0,88.57142857142857
ROBINSON ISD,161922,Spring 2026,947,860.0,90.8130939809926
ROBSTOWN ISD,178909,Spring 2026,927,703.0,75.83603020496224
ROBY CISD,076903,Spring 2026,108,102.0,94.44444444444444
ROCHELLE ISD,160904,Spring 2026,71,67.0,94.36619718309859
ROCKDALE ISD,166904,Spring 2026,536,414.0,77.23880597014924
ROCKPORT-FULTON ISD,004901,Spring 2026,1172,937.0,79.94880546075085
ROCKSPRINGS ISD,069901,Spring 2026,83,69.0,83.13253012048193
ROCKWALL ISD,199901,Spring 2026,7609,7060.0,92.78486003417005
ROGERS ISD,014907,Spring 2026,317,278.0,87.69716088328076
ROMA ISD,214903,Spring 2026,2462,2074.0,84.24045491470349
ROOSEVELT ISD,152908,Spring 2026,412,328.0,79.6116504854369
ROPES ISD,110905,Spring 2026,186,178.0,95.6989247311828
ROSCOE COLLEGIATE ISD,177901,Spring 2026,172,153.0,88.95348837209302
ROSEBUD-LOTT ISD,073905,Spring 2026,321,296.0,92.21183800623052
ROTAN ISD,076904,Spring 2026,93,69.0,74.19354838709677
ROUND ROCK ISD,246909,Spring 2026,18461,16280.0,88.18590542224149
ROUND TOP-CARMINE ISD,075908,Spring 2026,104,98.0,94.23076923076923
ROYAL ISD,237905,Spring 2026,1414,888.0,62.800565770862804
ROYSE CITY ISD,199902,Spring 2026,4173,3388.0,81.18859333812605
RULE ISD,104903,Spring 2026,48,45.0,93.75
RUNGE ISD,128903,Spring 2026,60,52.0,86.66666666666667
RUSK ISD,037907,Spring 2026,746,622.0,83.37801608579089
S AND S CISD,091914,Spring 2026,434,329.0,75.80645161290323
SABINAL ISD,232902,Spring 2026,201,158.0,78.60696517412936
SABINE ISD,092906,Spring 2026,577,506.0,87.69497400346621
SABINE PASS ISD,123913,Spring 2026,159,155.0,97.48427672955975
SAINT JO ISD,169911,Spring 2026,103,92.0,89.32038834951457
SALADO ISD,014908,Spring 2026,1086,952.0,87.66114180478822
SALTILLO ISD,112909,Spring 2026,86,85.0,98.83720930232558
SAM RAYBURN ISD,074917,Spring 2026,193,180.0,93.26424870466322
SAN ANGELO ISD,226903,Spring 2026,5076,3731.0,73.50275807722616
SAN ANTONIO ISD,015907,Spring 2026,16604,11659.0,70.21801975427607
SAN AUGUSTINE ISD,203901,Spring 2026,238,136.0,57.14285714285714
SAN BENITO CISD,031912,Spring 2026,2440,1776.0,72.78688524590164
SAN DIEGO ISD,066902,Spring 2026,517,434.0,83.9458413926499
SAN ELIZARIO ISD,071904,Spring 2026,1301,914.0,70.25365103766333
SAN FELIPE-DEL RIO CISD,233901,Spring 2026,3761,3034.0,80.67003456527519
SAN ISIDRO ISD,214902,Spring 2026,49,46.0,93.87755102040816
SAN MARCOS CISD,105902,Spring 2026,3015,2281.0,75.65505804311773
SAN PERLITA ISD,245904,Spring 2026,79,69.0,87.34177215189874
SAN SABA ISD,206901,Spring 2026,235,205.0,87.2340425531915
SAN VICENTE ISD,022903,Spring 2026,4,0.0,0.0
SANDS CISD,058909,Spring 2026,79,76.0,96.20253164556962
SANFORD-FRITCH ISD,117903,Spring 2026,277,232.0,83.75451263537906
SANGER ISD,061908,Spring 2026,1115,981.0,87.98206278026906
SANTA ANNA ISD,042903,Spring 2026,94,75.0,79.7872340425532
SANTA FE ISD,084909,Spring 2026,1764,1397.0,79.19501133786848
SANTA GERTRUDIS ISD,137904,Spring 2026,229,217.0,94.75982532751091
SANTA MARIA ISD,031913,Spring 2026,234,195.0,83.33333333333334
SANTA ROSA ISD,031914,Spring 2026,364,282.0,77.47252747252747
SANTO ISD,182904,Spring 2026,198,182.0,91.91919191919192
SAVOY ISD,074911,Spring 2026,102,85.0,83.33333333333334
SCHERTZ-CIBOLO-U CITY ISD,094902,Spring 2026,7162,6107.0,85.26947779949735
SCHLEICHER ISD,207901,Spring 2026,130,119.0,91.53846153846153
SCHULENBURG ISD,075903,Spring 2026,291,238.0,81.78694158075601
SCURRY-ROSSER ISD,129910,Spring 2026,459,409.0,89.10675381263616
SEAGRAVES ISD,083901,Spring 2026,277,201.0,72.56317689530685
SEALY ISD,008902,Spring 2026,1254,1001.0,79.82456140350878
SEGUIN ISD,094901,Spring 2026,2675,1896.0,70.8785046728972
SEMINOLE ISD,083903,Spring 2026,1077,920.0,85.42246982358404
SEYMOUR ISD,012901,Spring 2026,213,199.0,93.42723004694837
SHALLOWATER ISD,152909,Spring 2026,625,574.0,91.84
SHAMROCK ISD,242902,Spring 2026,131,101.0,77.09923664122137
SHARYLAND ISD,108911,Spring 2026,2644,2201.0,83.24508320726173
SHELBYVILLE ISD,210903,Spring 2026,288,246.0,85.41666666666666
SHELDON ISD,101924,Spring 2026,4727,3704.0,78.35836682885551
SHEPHERD ISD,204904,Spring 2026,818,602.0,73.59413202933986
SHERMAN ISD,091906,Spring 2026,2889,2180.0,75.45863620629976
SHINER ISD,143903,Spring 2026,255,246.0,96.47058823529412
SIDNEY ISD,047905,Spring 2026,33,31.0,93.93939393939394
SIERRA BLANCA ISD,115902,Spring 2026,36,25.0,69.44444444444444
SILSBEE ISD,100904,Spring 2026,964,720.0,74.68879668049793
SILVERTON ISD,023902,Spring 2026,76,73.0,96.05263157894737
SIMMS ISD,019909,Spring 2026,175,167.0,95.42857142857143
SINTON ISD,205906,Spring 2026,683,562.0,82.28404099560761
SIVELLS BEND ISD,049909,Spring 2026,1,0.0,0.0
SKIDMORE-TYNAN ISD,013905,Spring 2026,277,271.0,97.83393501805054
SLATON ISD,152903,Spring 2026,448,351.0,78.34821428571429
SLIDELL ISD,249908,Spring 2026,178,138.0,77.52808988764045
SLOCUM ISD,001909,Spring 2026,113,101.0,89.38053097345133
SMITHVILLE ISD,011904,Spring 2026,695,567.0,81.58273381294964
SMYER ISD,110906,Spring 2026,139,129.0,92.80575539568345
SNOOK ISD,026903,Spring 2026,222,184.0,82.88288288288288
SNYDER ISD,208902,Spring 2026,1042,741.0,71.11324376199616
SOCORRO ISD,071909,Spring 2026,19990,17322.0,86.65332666333167
SOMERSET ISD,015909,Spring 2026,1674,1463.0,87.39545997610514
SOMERVILLE ISD,026902,Spring 2026,201,141.0,70.1492537313433
SONORA ISD,218901,Spring 2026,257,215.0,83.65758754863813
SOUTH SAN ANTONIO ISD,015908,Spring 2026,2710,2020.0,74.53874538745387
SOUTH TEXAS ISD,031916,Spring 2026,3916,3691.0,94.25434116445352
SOUTHLAND ISD,085903,Spring 2026,34,25.0,73.52941176470588
SOUTHSIDE ISD,015917,Spring 2026,2364,1805.0,76.35363790186125
SOUTHWEST ISD,015912,Spring 2026,6358,4748.0,74.67757156338472
SPEARMAN ISD,098904,Spring 2026,244,218.0,89.34426229508196
SPLENDORA ISD,170907,Spring 2026,2512,1865.0,74.24363057324841
SPRING BRANCH ISD,101920,Spring 2026,12272,10272.0,83.70273794002607
SPRING HILL ISD,092907,Spring 2026,734,674.0,91.82561307901908
SPRING ISD,101919,Spring 2026,12458,9127.0,73.26216086049125
SPRINGLAKE-EARTH ISD,140907,Spring 2026,68,56.0,82.35294117647058
SPRINGTOWN ISD,184902,Spring 2026,1596,1297.0,81.265664160401
SPUR ISD,063903,Spring 2026,76,73.0,96.05263157894737
SPURGER ISD,229905,Spring 2026,121,102.0,84.29752066115702
STAFFORD MSD,079910,Spring 2026,1545,1282.0,82.97734627831716
STAMFORD ISD,127906,Spring 2026,158,146.0,92.40506329113924
STANTON ISD,156902,Spring 2026,429,351.0,81.81818181818183
STEPHENVILLE ISD,072903,Spring 2026,1394,1220.0,87.51793400286944
STERLING CITY ISD,216901,Spring 2026,107,92.0,85.98130841121495
STOCKDALE ISD,247906,Spring 2026,315,285.0,90.47619047619048
STRATFORD ISD,211902,Spring 2026,176,162.0,92.04545454545455
STRAWN ISD,182905,Spring 2026,63,49.0,77.77777777777779
SUDAN ISD,140908,Spring 2026,180,171.0,95.0
SULPHUR BLUFF ISD,112910,Spring 2026,70,58.0,82.85714285714286
SULPHUR SPRINGS ISD,112901,Spring 2026,1599,1304.0,81.5509693558474
SUNDOWN ISD,110907,Spring 2026,250,234.0,93.60000000000001
SUNNYVALE ISD,057919,Spring 2026,965,920.0,95.33678756476684
SUNRAY COLLEGIATE ISD,171902,Spring 2026,251,218.0,86.85258964143426
SWEENY ISD,020906,Spring 2026,690,590.0,85.5072463768116
SWEET HOME ISD,143905,Spring 2026,9,9.0,100.0
SWEETWATER ISD,177902,Spring 2026,658,469.0,71.27659574468085
TAFT ISD,205907,Spring 2026,319,228.0,71.47335423197492
TAHOKA ISD,153904,Spring 2026,252,217.0,86.11111111111111
TARKINGTON ISD,146907,Spring 2026,717,575.0,80.19525801952581
TATUM ISD,201910,Spring 2026,543,485.0,89.31860036832413
TAYLOR ISD,246911,Spring 2026,1255,963.0,76.73306772908367
TEAGUE ISD,081904,Spring 2026,416,354.0,85.09615384615384
TEMPLE ISD,014909,Spring 2026,3247,2414.0,74.3455497382199
TENAHA ISD,210904,Spring 2026,190,152.0,80.0
TERLINGUA CSD,022004,Spring 2026,51,36.0,70.58823529411765
TERRELL COUNTY ISD,222901,Spring 2026,61,57.0,93.44262295081968
TERRELL ISD,129906,Spring 2026,2073,1517.0,73.17896767969127
TEXARKANA ISD,019907,Spring 2026,3713,2681.0,72.20576353353084
TEXAS CITY ISD,084906,Spring 2026,3033,2246.0,74.05209363666337
TEXLINE ISD,056902,Spring 2026,93,92.0,98.9247311827957
THORNDALE ISD,166905,Spring 2026,333,299.0,89.7897897897898
THRALL ISD,246912,Spring 2026,375,355.0,94.66666666666667
THREE RIVERS ISD,149902,Spring 2026,211,172.0,81.51658767772511
THREE WAY ISD,072901,Spring 2026,65,58.0,89.23076923076924
THROCKMORTON COLLEGIATE ISD,224901,Spring 2026,21,11.0,52.38095238095239
TIDEHAVEN ISD,158902,Spring 2026,377,345.0,91.51193633952255
TIMPSON ISD,210905,Spring 2026,235,194.0,82.5531914893617
TIOGA ISD,091907,Spring 2026,287,264.0,91.98606271777004
TOLAR ISD,111903,Spring 2026,348,322.0,92.52873563218391
TOM BEAN ISD,091918,Spring 2026,291,263.0,90.37800687285224
TOMBALL ISD,101921,Spring 2026,9269,8603.0,92.8147588736649
TORNILLO ISD,071908,Spring 2026,305,252.0,82.62295081967214
TRENT ISD,221905,Spring 2026,37,28.0,75.67567567567568
TRENTON ISD,074912,Spring 2026,228,210.0,92.10526315789474
TRINIDAD ISD,107907,Spring 2026,60,53.0,88.33333333333333
TRINITY ISD,228903,Spring 2026,471,363.0,77.07006369426752
TROUP ISD,212904,Spring 2026,407,363.0,89.1891891891892
TROY ISD,014910,Spring 2026,674,576.0,85.45994065281899
TULIA ISD,219903,Spring 2026,284,183.0,64.43661971830986
TULOSO-MIDWAY ISD,178912,Spring 2026,1470,1263.0,85.91836734693878
TURKEY-QUITAQUE ISD,096905,Spring 2026,71,65.0,91.54929577464789
TYLER ISD,212905,Spring 2026,7253,5813.0,80.14614642217013
UNION GROVE ISD,230908,Spring 2026,286,260.0,90.9090909090909
UNION HILL ISD,230904,Spring 2026,96,72.0,75.0
UNITED ISD,240903,Spring 2026,9168,7530.0,82.13350785340315
UTOPIA ISD,232904,Spring 2026,79,66.0,83.54430379746836
UVALDE CISD,232903,Spring 2026,1622,1094.0,67.44759556103575
VALENTINE ISD,122902,Spring 2026,8,0.0,0.0
VALLEY MILLS ISD,018904,Spring 2026,268,237.0,88.43283582089553
VALLEY VIEW ISD,049903,Spring 2026,363,294.0,80.99173553719008
VALLEY VIEW ISD,108916,Spring 2026,1392,1138.0,81.75287356321839
VAN ALSTYNE ISD,091908,Spring 2026,1116,1043.0,93.45878136200717
VAN ISD,234906,Spring 2026,797,704.0,88.33124215809285
VAN VLECK ISD,158906,Spring 2026,381,306.0,80.31496062992126
VEGA ISD,180902,Spring 2026,171,168.0,98.24561403508771
VENUS ISD,126908,Spring 2026,912,705.0,77.30263157894737
VERIBEST ISD,226908,Spring 2026,101,97.0,96.03960396039604
VERNON ISD,244903,Spring 2026,723,505.0,69.84785615491009
VICTORIA ISD,235902,Spring 2026,5231,3918.0,74.89963678073026
VIDOR ISD,181907,Spring 2026,1544,1314.0,85.10362694300518
WACO ISD,161914,Spring 2026,5004,3288.0,65.70743405275779
WAELDER ISD,089905,Spring 2026,72,50.0,69.44444444444444
WALL ISD,226906,Spring 2026,451,445.0,98.66962305986696
WALLER ISD,237904,Spring 2026,4363,3509.0,80.42631217052487
WALNUT SPRINGS ISD,018905,Spring 2026,36,23.0,63.888888888888886
WARREN ISD,229904,Spring 2026,416,328.0,78.84615384615384
WASKOM ISD,102903,Spring 2026,365,289.0,79.17808219178082
WATER VALLEY ISD,226905,Spring 2026,118,108.0,91.52542372881356
WAXAHACHIE ISD,070912,Spring 2026,4671,3898.0,83.45108113894241
WEATHERFORD ISD,184903,Spring 2026,3197,2620.0,81.95182984047544
WEBB CISD,240904,Spring 2026,67,48.0,71.64179104477611
WEIMAR ISD,045905,Spring 2026,279,251.0,89.96415770609319
WELLINGTON ISD,044902,Spring 2026,233,208.0,89.27038626609442
WELLMAN-UNION CISD,223904,Spring 2026,53,51.0,96.22641509433963
WELLS ISD,037909,Spring 2026,91,77.0,84.61538461538461
WESLACO ISD,108913,Spring 2026,6497,5210.0,80.19085731876251
WEST HARDIN COUNTY CISD,100908,Spring 2026,194,174.0,89.69072164948454
WEST ISD,161916,Spring 2026,485,446.0,91.95876288659794
WEST ORANGE-COVE CISD,181906,Spring 2026,920,660.0,71.73913043478261
WEST OSO ISD,178915,Spring 2026,563,471.0,83.65896980461812
WEST RUSK COUNTY CONSOLIDATED ISD,201914,Spring 2026,434,380.0,87.55760368663594
WEST SABINE ISD,202905,Spring 2026,209,165.0,78.94736842105263
WESTBROOK ISD,168903,Spring 2026,92,84.0,91.30434782608695
WESTHOFF ISD,062905,Spring 2026,18,10.0,55.55555555555556
WESTPHALIA ISD,073904,Spring 2026,6,6.0,100.0
WESTWOOD ISD,001908,Spring 2026,541,373.0,68.94639556377079
WHARTON ISD,241904,Spring 2026,654,456.0,69.72477064220183
WHEELER ISD,242903,Spring 2026,149,144.0,96.64429530201343
WHITE DEER ISD,033904,Spring 2026,116,106.0,91.37931034482759
WHITE OAK ISD,092908,Spring 2026,555,510.0,91.8918918918919
WHITE SETTLEMENT ISD,220920,Spring 2026,3077,2305.0,74.91062723431914
WHITEFACE CISD,040902,Spring 2026,106,103.0,97.16981132075472
WHITEHOUSE ISD,212906,Spring 2026,1876,1708.0,91.04477611940298
WHITESBORO ISD,091909,Spring 2026,661,578.0,87.44326777609682
WHITEWRIGHT ISD,091910,Spring 2026,268,245.0,91.4179104477612
WHITHARRAL ISD,110908,Spring 2026,73,69.0,94.52054794520548
WHITNEY ISD,109911,Spring 2026,522,458.0,87.73946360153256
WICHITA FALLS ISD,243905,Spring 2026,4783,3645.0,76.20740121262806
WILDORADO ISD,180904,Spring 2026,57,56.0,98.24561403508771
WILLIS ISD,170904,Spring 2026,3795,3040.0,80.10540184453228
WILLS POINT ISD,234907,Spring 2026,1100,819.0,74.45454545454545
WILSON ISD,153907,Spring 2026,44,33.0,75.0
WIMBERLEY ISD,105905,Spring 2026,1158,1038.0,89.63730569948186
WINDTHORST ISD,005904,Spring 2026,186,179.0,96.23655913978494
WINK-LOVING ISD,248902,Spring 2026,152,137.0,90.13157894736842
WINNSBORO ISD,250907,Spring 2026,592,478.0,80.74324324324324
WINONA ISD,212910,Spring 2026,417,342.0,82.01438848920863
WINTERS ISD,200904,Spring 2026,151,125.0,82.78145695364239
WODEN ISD,174906,Spring 2026,280,250.0,89.28571428571429
WOLFE CITY ISD,116909,Spring 2026,273,253.0,92.67399267399267
WOODSBORO ISD,196902,Spring 2026,179,137.0,76.53631284916202
WOODSON ISD,224902,Spring 2026,58,54.0,93.10344827586206
WOODVILLE ISD,229903,Spring 2026,472,344.0,72.88135593220339
WORTHAM ISD,081905,Spring 2026,197,170.0,86.29441624365482
WYLIE ISD,043914,Spring 2026,7777,7250.0,93.22360807509322
WYLIE ISD,221912,Spring 2026,2136,1976.0,92.50936329588015
YANTIS ISD,250905,Spring 2026,92,82.0,89.13043478260869
YOAKUM ISD,062903,Spring 2026,507,432.0,85.20710059171599
YORKTOWN ISD,062904,Spring 2026,223,175.0,78.47533632286996
YSLETA ISD,071905,Spring 2026,14222,12213.0,85.87399803121923
ZAPATA COUNTY ISD,253901,Spring 2026,286,111.0,38.81118881118881
ZAVALLA ISD,003906,Spring 2026,116,102.0,87.93103448275862
ZEPHYR ISD,025906,Spring 2026,72,65.0,90.27777777777779
