gisjoin,year,state,district,district_code,median_household_income,income_moe
G48007380,2020-2024,Texas,Abbott ISD,7380,88750.0,26095.0
G48007410,2020-2024,Texas,Abernathy ISD,7410,83073.0,12492.0
G48007440,2020-2024,Texas,Abilene ISD,7440,58822.0,1489.0
G48007470,2020-2024,Texas,Academy ISD,7470,95390.0,4391.0
G48007500,2020-2024,Texas,Adrian ISD,7500,73125.0,24647.0
G48007530,2020-2024,Texas,Agua Dulce ISD,7530,56786.0,24731.0
G48007590,2020-2024,Texas,Alamo Heights ISD,7590,100268.0,10037.0
G48007650,2020-2024,Texas,Alba-Golden ISD,7650,66000.0,14631.0
G48007680,2020-2024,Texas,Albany ISD,7680,75057.0,12523.0
G48007710,2020-2024,Texas,Aldine ISD,7710,52455.0,1482.0
G48007780,2020-2024,Texas,Aledo ISD,7780,156900.0,10109.0
G48007800,2020-2024,Texas,Alice ISD,7800,49032.0,5774.0
G48007830,2020-2024,Texas,Alief ISD,7830,51986.0,1770.0
G48007890,2020-2024,Texas,Allen ISD,7890,127415.0,8544.0
G48007950,2020-2024,Texas,Alpine ISD,7950,66613.0,14693.0
G48007980,2020-2024,Texas,Alto ISD,7980,62955.0,26920.0
G48000011,2020-2024,Texas,Alvarado ISD,11,80826.0,10732.0
G48008090,2020-2024,Texas,Alvin ISD,8090,107257.0,7261.0
G48008100,2020-2024,Texas,Alvord ISD,8100,86250.0,26349.0
G48008130,2020-2024,Texas,Amarillo ISD,8130,60371.0,2660.0
G48008160,2020-2024,Texas,Amherst ISD,8160,64583.0,12768.0
G48008190,2020-2024,Texas,Anahuac ISD,8190,75500.0,16880.0
G48008230,2020-2024,Texas,Anderson-Shiro CISD,8230,99063.0,33249.0
G48008280,2020-2024,Texas,Andrews ISD,8280,72242.0,9282.0
G48008310,2020-2024,Texas,Angleton ISD,8310,86569.0,9989.0
G48008340,2020-2024,Texas,Anna ISD,8340,104989.0,13987.0
G48008400,2020-2024,Texas,Anson ISD,8400,53750.0,9268.0
G48008430,2020-2024,Texas,Anthony ISD,8430,56125.0,8703.0
G48008460,2020-2024,Texas,Anton ISD,8460,53375.0,12822.0
G48008490,2020-2024,Texas,Apple Springs ISD,8490,53563.0,16105.0
G48008520,2020-2024,Texas,Aquilla ISD,8520,76875.0,20471.0
G48008580,2020-2024,Texas,Aransas Pass ISD,8580,59583.0,6885.0
G48008610,2020-2024,Texas,Archer City ISD,8610,62917.0,12197.0
G48008670,2020-2024,Texas,Argyle ISD,8670,180095.0,14742.0
G48008700,2020-2024,Texas,Arlington ISD,8700,71274.0,1472.0
G48008730,2020-2024,Texas,Arp ISD,8730,69900.0,17593.0
G48000006,2020-2024,Texas,Aspermont ISD,6,56779.0,22663.0
G48008870,2020-2024,Texas,Athens ISD,8870,72118.0,5795.0
G48008880,2020-2024,Texas,Atlanta ISD,8880,64488.0,4848.0
G48008910,2020-2024,Texas,Aubrey ISD,8910,115470.0,8455.0
G48008940,2020-2024,Texas,Austin ISD,8940,92946.0,1834.0
G48009000,2020-2024,Texas,Austwell-Tivoli ISD,9000,68542.0,15655.0
G48009030,2020-2024,Texas,Avalon ISD,9030,84167.0,35627.0
G48009060,2020-2024,Texas,Avery ISD,9060,46500.0,3467.0
G48009090,2020-2024,Texas,Avinger ISD,9090,34345.0,13666.0
G48009150,2020-2024,Texas,Axtell ISD,9150,84769.0,11677.0
G48009200,2020-2024,Texas,Azle ISD,9200,91843.0,6447.0
G48009280,2020-2024,Texas,Baird ISD,9280,59219.0,15293.0
G48009300,2020-2024,Texas,Ballinger ISD,9300,62083.0,5656.0
G48009330,2020-2024,Texas,Balmorhea ISD,9330,,
G48009360,2020-2024,Texas,Bandera ISD,9360,75021.0,7414.0
G48009390,2020-2024,Texas,Bangs ISD,9390,60833.0,9682.0
G48009410,2020-2024,Texas,Banquete ISD,9410,84896.0,23271.0
G48009450,2020-2024,Texas,Barbers Hill ISD,9450,128353.0,14741.0
G48009540,2020-2024,Texas,Bartlett ISD,9540,72571.0,12754.0
G48009570,2020-2024,Texas,Bastrop ISD,9570,87946.0,6824.0
G48009630,2020-2024,Texas,Bay City ISD,9630,57915.0,6358.0
G48009670,2020-2024,Texas,Beaumont ISD,9670,57493.0,2819.0
G48009690,2020-2024,Texas,Beckville ISD,9690,88750.0,28284.0
G48009720,2020-2024,Texas,Beeville ISD,9720,58154.0,6184.0
G48009750,2020-2024,Texas,Bellevue ISD,9750,71304.0,12944.0
G48009780,2020-2024,Texas,Bells ISD,9780,92926.0,9909.0
G48009810,2020-2024,Texas,Bellville ISD,9810,98899.0,7995.0
G48009860,2020-2024,Texas,Belton ISD,9860,85617.0,4383.0
G48009870,2020-2024,Texas,Ben Bolt-Palito Blanco ISD,9870,61161.0,15609.0
G48099130,2020-2024,Texas,Benavides ISD,99130,45565.0,21037.0
G48009980,2020-2024,Texas,Benjamin ISD,9980,52708.0,29460.0
G48010170,2020-2024,Texas,Big Sandy ISD (Polk County),10170,67841.0,41973.0
G48010140,2020-2024,Texas,Big Sandy ISD (Upshur and Wood Counties),10140,72083.0,23069.0
G48010200,2020-2024,Texas,Big Spring ISD,10200,68718.0,4133.0
G48010230,2020-2024,Texas,Birdville ISD,10230,79643.0,3395.0
G48010260,2020-2024,Texas,Bishop CISD,10260,66813.0,13392.0
G48000005,2020-2024,Texas,Blackwell CISD,5,63942.0,9982.0
G48010320,2020-2024,Texas,Blanco ISD,10320,101591.0,14256.0
G48010350,2020-2024,Texas,Bland ISD,10350,102855.0,19382.0
G48010380,2020-2024,Texas,Blanket ISD,10380,62917.0,10909.0
G48010440,2020-2024,Texas,Bloomburg ISD,10440,79732.0,22025.0
G48010470,2020-2024,Texas,Blooming Grove ISD,10470,66750.0,15651.0
G48010500,2020-2024,Texas,Bloomington ISD,10500,52775.0,18041.0
G48010590,2020-2024,Texas,Blue Ridge ISD,10590,96875.0,27202.0
G48010620,2020-2024,Texas,Bluff Dale ISD,10620,118417.0,7836.0
G48010650,2020-2024,Texas,Blum ISD,10650,71500.0,8956.0
G48010710,2020-2024,Texas,Boerne ISD,10710,136279.0,10659.0
G48010740,2020-2024,Texas,Boles ISD,10740,56250.0,18799.0
G48010780,2020-2024,Texas,Boling ISD,10780,67866.0,8005.0
G48010800,2020-2024,Texas,Bonham ISD,10800,68559.0,8485.0
G48010830,2020-2024,Texas,Booker ISD,10830,70714.0,6681.0
G48010860,2020-2024,Texas,Borden County ISD,10860,66667.0,23346.0
G48010890,2020-2024,Texas,Borger ISD,10890,65614.0,9997.0
G48010910,2020-2024,Texas,Bosqueville ISD,10910,81042.0,5991.0
G48010950,2020-2024,Texas,Bovina ISD,10950,59125.0,23908.0
G48010990,2020-2024,Texas,Bowie ISD,10990,66461.0,6904.0
G48011010,2020-2024,Texas,Boyd ISD,11010,73988.0,16846.0
G48011040,2020-2024,Texas,Boys Ranch ISD,11040,,
G48011070,2020-2024,Texas,Brackett ISD,11070,70000.0,8852.0
G48011110,2020-2024,Texas,Brady ISD,11110,54492.0,18088.0
G48044470,2020-2024,Texas,Brazos ISD,44470,44768.0,18086.0
G48011190,2020-2024,Texas,Brazosport ISD,11190,80703.0,5263.0
G48011220,2020-2024,Texas,Breckenridge ISD,11220,57852.0,10314.0
G48011250,2020-2024,Texas,Bremond ISD,11250,72500.0,17954.0
G48011280,2020-2024,Texas,Brenham ISD,11280,75639.0,6066.0
G48011310,2020-2024,Texas,Bridge City ISD,11310,93152.0,11363.0
G48011340,2020-2024,Texas,Bridgeport ISD,11340,88929.0,16654.0
G48011430,2020-2024,Texas,Broaddus ISD,11430,60134.0,10052.0
G48011460,2020-2024,Texas,Brock ISD,11460,142130.0,28797.0
G48011490,2020-2024,Texas,Bronte ISD,11490,61563.0,10483.0
G48011520,2020-2024,Texas,Brookeland ISD,11520,69830.0,16087.0
G48011550,2020-2024,Texas,Brookesmith ISD,11550,53487.0,25578.0
G48011580,2020-2024,Texas,Brooks County ISD,11580,47764.0,16489.0
G48011610,2020-2024,Texas,Brownfield ISD,11610,42971.0,2708.0
G48011640,2020-2024,Texas,Brownsboro ISD,11640,63112.0,4510.0
G48011680,2020-2024,Texas,Brownsville ISD,11680,48874.0,1923.0
G48011700,2020-2024,Texas,Brownwood ISD,11700,51765.0,8092.0
G48011730,2020-2024,Texas,Bruceville-Eddy ISD,11730,63103.0,24421.0
G48011790,2020-2024,Texas,Bryan ISD,11790,61113.0,1838.0
G48011820,2020-2024,Texas,Bryson ISD,11820,70568.0,27386.0
G48011850,2020-2024,Texas,Buckholts ISD,11850,55208.0,17337.0
G48011910,2020-2024,Texas,Buena Vista ISD,11910,76250.0,30004.0
G48011990,2020-2024,Texas,Buffalo ISD,11990,46944.0,8666.0
G48012060,2020-2024,Texas,Bullard ISD,12060,91949.0,13990.0
G48012090,2020-2024,Texas,Buna ISD,12090,55048.0,27372.0
G48012120,2020-2024,Texas,Burkburnett ISD,12120,81172.0,10068.0
G48012150,2020-2024,Texas,Burkeville ISD,12150,42381.0,25372.0
G48012180,2020-2024,Texas,Burleson ISD,12180,95274.0,6468.0
G48012220,2020-2024,Texas,Burnet CISD,12220,79893.0,6528.0
G48012240,2020-2024,Texas,Burton ISD,12240,101392.0,17888.0
G48035570,2020-2024,Texas,Bushland ISD,35570,114535.0,12663.0
G48012360,2020-2024,Texas,Bynum ISD,12360,85250.0,24459.0
G48012390,2020-2024,Texas,Caddo Mills ISD,12390,107083.0,13870.0
G48012420,2020-2024,Texas,Calallen ISD,12420,83444.0,10250.0
G48012460,2020-2024,Texas,Caldwell ISD,12460,69147.0,10079.0
G48012480,2020-2024,Texas,Calhoun County ISD,12480,79959.0,8800.0
G48012510,2020-2024,Texas,Callisburg ISD,12510,110189.0,21571.0
G48012540,2020-2024,Texas,Calvert ISD,12540,56726.0,23612.0
G48012640,2020-2024,Texas,Cameron ISD,12640,64127.0,8610.0
G48012660,2020-2024,Texas,Campbell ISD,12660,59846.0,7897.0
G48012700,2020-2024,Texas,Canadian ISD,12700,61648.0,22191.0
G48012750,2020-2024,Texas,Canton ISD,12750,65671.0,11665.0
G48012780,2020-2024,Texas,Canutillo ISD,12780,81353.0,9999.0
G48012810,2020-2024,Texas,Canyon ISD,12810,94955.0,3167.0
G48012870,2020-2024,Texas,Carlisle ISD,12870,54858.0,13322.0
G48012990,2020-2024,Texas,Carrizo Springs CISD,12990,38808.0,8956.0
G48013020,2020-2024,Texas,Carroll ISD,13020,250001.0,
G48013050,2020-2024,Texas,Carrollton-Farmers Branch ISD,13050,87139.0,2698.0
G48013110,2020-2024,Texas,Carthage ISD,13110,63860.0,13270.0
G48013170,2020-2024,Texas,Castleberry ISD,13170,61935.0,4622.0
G48013200,2020-2024,Texas,Cayuga ISD,13200,73966.0,10601.0
G48013230,2020-2024,Texas,Cedar Hill ISD,13230,99737.0,7236.0
G48013260,2020-2024,Texas,Celeste ISD,13260,77132.0,10214.0
G48013290,2020-2024,Texas,Celina ISD,13290,156852.0,19956.0
G48013320,2020-2024,Texas,Center ISD,13320,51453.0,6111.0
G48013350,2020-2024,Texas,Center Point ISD,13350,81892.0,18390.0
G48013410,2020-2024,Texas,Centerville ISD (Leon County),13410,72083.0,9527.0
G48013380,2020-2024,Texas,Centerville ISD (Trinity County),13380,76771.0,17234.0
G48013440,2020-2024,Texas,Central Heights ISD,13440,63283.0,10030.0
G48013500,2020-2024,Texas,Central ISD,13500,82534.0,16849.0
G48013590,2020-2024,Texas,Channelview ISD,13590,64681.0,7334.0
G48013620,2020-2024,Texas,Channing ISD,13620,71875.0,35786.0
G48013650,2020-2024,Texas,Chapel Hill ISD (Smith County),13650,72968.0,8386.0
G48013680,2020-2024,Texas,Chapel Hill ISD (Titus County),13680,107895.0,28910.0
G48013710,2020-2024,Texas,Charlotte ISD,13710,39464.0,20212.0
G48013740,2020-2024,Texas,Cherokee ISD,13740,46058.0,11250.0
G48013770,2020-2024,Texas,Chester ISD,13770,69762.0,9422.0
G48013800,2020-2024,Texas,Chico ISD,13800,87253.0,8827.0
G48013860,2020-2024,Texas,Childress ISD,13860,58750.0,16788.0
G48013890,2020-2024,Texas,Chillicothe ISD,13890,79375.0,34701.0
G48013920,2020-2024,Texas,Chilton ISD,13920,67120.0,14757.0
G48013960,2020-2024,Texas,China Spring ISD,13960,104931.0,9325.0
G48013980,2020-2024,Texas,Chireno ISD,13980,67226.0,12325.0
G48000012,2020-2024,Texas,Chisum ISD,12,105000.0,31854.0
G48014010,2020-2024,Texas,Christoval ISD,14010,83676.0,26531.0
G48014070,2020-2024,Texas,Cisco ISD,14070,60956.0,5097.0
G48014130,2020-2024,Texas,City View ISD,14130,54332.0,11991.0
G48014160,2020-2024,Texas,Clarendon ISD,14160,58719.0,11233.0
G48014190,2020-2024,Texas,Clarksville ISD,14190,39564.0,8200.0
G48014250,2020-2024,Texas,Claude ISD,14250,72188.0,12883.0
G48014280,2020-2024,Texas,Clear Creek ISD,14280,102389.0,2875.0
G48014310,2020-2024,Texas,Cleburne ISD,14310,72354.0,7731.0
G48014370,2020-2024,Texas,Cleveland ISD,14370,57146.0,8091.0
G48014400,2020-2024,Texas,Clifton ISD,14400,74107.0,5334.0
G48014430,2020-2024,Texas,Clint ISD,14430,55527.0,3786.0
G48014450,2020-2024,Texas,Clyde CISD,14450,78981.0,11435.0
G48014490,2020-2024,Texas,Coahoma ISD,14490,65128.0,21120.0
G48014520,2020-2024,Texas,Coldspring-Oakhurst CISD,14520,58972.0,7426.0
G48014550,2020-2024,Texas,Coleman ISD,14550,47386.0,11931.0
G48007350,2020-2024,Texas,College Station ISD,7350,54117.0,3269.0
G48014580,2020-2024,Texas,Collinsville ISD,14580,68418.0,13863.0
G48014600,2020-2024,Texas,Colmesneil ISD,14600,56591.0,12356.0
G48014640,2020-2024,Texas,Colorado ISD,14640,68934.0,14008.0
G48014670,2020-2024,Texas,Columbia-Brazoria ISD,14670,74550.0,7909.0
G48014700,2020-2024,Texas,Columbus ISD,14700,69875.0,17972.0
G48014730,2020-2024,Texas,Comal ISD,14730,110926.0,3282.0
G48014760,2020-2024,Texas,Comanche ISD,14760,57986.0,8809.0
G48014790,2020-2024,Texas,Comfort ISD,14790,101250.0,18104.0
G48014820,2020-2024,Texas,Commerce ISD,14820,56946.0,10069.0
G48014850,2020-2024,Texas,Community ISD,14850,111818.0,12450.0
G48014880,2020-2024,Texas,Como-Pickton CISD,14880,68098.0,19226.0
G48014920,2020-2024,Texas,Comstock ISD,14920,64583.0,28916.0
G48014970,2020-2024,Texas,Connally ISD,14970,56875.0,6972.0
G48015000,2020-2024,Texas,Conroe ISD,15000,98985.0,3188.0
G48015120,2020-2024,Texas,Coolidge ISD,15120,60274.0,6624.0
G48015150,2020-2024,Texas,Cooper ISD,15150,63861.0,9170.0
G48015210,2020-2024,Texas,Coppell ISD,15210,160589.0,10919.0
G48015240,2020-2024,Texas,Copperas Cove ISD,15240,73120.0,3572.0
G48015270,2020-2024,Texas,Corpus Christi ISD,15270,63920.0,1407.0
G48015300,2020-2024,Texas,Corrigan-Camden ISD,15300,49817.0,15606.0
G48015330,2020-2024,Texas,Corsicana ISD,15330,58698.0,4081.0
G48015360,2020-2024,Texas,Cotton Center ISD,15360,59107.0,9646.0
G48015400,2020-2024,Texas,Cotulla ISD,15400,54500.0,17134.0
G48015420,2020-2024,Texas,Coupland ISD,15420,100852.0,23417.0
G48015480,2020-2024,Texas,Covington ISD,15480,70556.0,19026.0
G48015510,2020-2024,Texas,Crandall ISD,15510,93644.0,6658.0
G48015540,2020-2024,Texas,Crane ISD,15540,62212.0,14766.0
G48015570,2020-2024,Texas,Cranfills Gap ISD,15570,74583.0,23383.0
G48015600,2020-2024,Texas,Crawford ISD,15600,109931.0,21920.0
G48015690,2020-2024,Texas,Crockett County Consolidated CSD,15690,81022.0,32122.0
G48015720,2020-2024,Texas,Crockett ISD,15720,46845.0,8502.0
G48015750,2020-2024,Texas,Crosby ISD,15750,91958.0,15955.0
G48000001,2020-2024,Texas,Crosbyton CISD,1,49135.0,15096.0
G48015810,2020-2024,Texas,Cross Plains ISD,15810,60179.0,16624.0
G48015840,2020-2024,Texas,Cross Roads ISD,15840,56473.0,19746.0
G48015870,2020-2024,Texas,Crowell ISD,15870,62188.0,25153.0
G48015910,2020-2024,Texas,Crowley ISD,15910,86560.0,3532.0
G48015930,2020-2024,Texas,Crystal City ISD,15930,37417.0,9081.0
G48015960,2020-2024,Texas,Cuero ISD,15960,65679.0,8344.0
G48015990,2020-2024,Texas,Culberson County-Allamoore ISD,15990,58537.0,25954.0
G48016020,2020-2024,Texas,Cumby Collegiate ISD,16020,82292.0,10403.0
G48016080,2020-2024,Texas,Cushing ISD,16080,66532.0,9617.0
G48016110,2020-2024,Texas,Cypress-Fairbanks ISD,16110,92879.0,1658.0
G48016140,2020-2024,Texas,D'Hanis ISD,16140,67898.0,20661.0
G48016180,2020-2024,Texas,Daingerfield-Lone Star ISD,16180,61852.0,6524.0
G48016200,2020-2024,Texas,Dalhart ISD,16200,71756.0,7308.0
G48016230,2020-2024,Texas,Dallas ISD,16230,70951.0,944.0
G48016260,2020-2024,Texas,Damon ISD,16260,80964.0,28482.0
G48016290,2020-2024,Texas,Danbury ISD,16290,107176.0,25749.0
G48016320,2020-2024,Texas,Darrouzett ISD,16320,79167.0,30963.0
G48016350,2020-2024,Texas,"Dawson ISD (Dawson, Lynn, and Terry Counties)",16350,51667.0,22105.0
G48016380,2020-2024,Texas,Dawson ISD (Hill and Navarro Counties),16380,64779.0,19220.0
G48016410,2020-2024,Texas,Dayton ISD,16410,83472.0,6783.0
G48016440,2020-2024,Texas,De Leon ISD,16440,56288.0,15850.0
G48016570,2020-2024,Texas,DeKalb ISD,16570,55464.0,12645.0
G48016860,2020-2024,Texas,DeSoto ISD,16860,83272.0,7669.0
G48016500,2020-2024,Texas,Decatur ISD,16500,94259.0,4907.0
G48016530,2020-2024,Texas,Deer Park ISD,16530,91636.0,7014.0
G48016620,2020-2024,Texas,Del Valle ISD,16620,79700.0,6324.0
G48016650,2020-2024,Texas,Dell City ISD,16650,52639.0,35598.0
G48016710,2020-2024,Texas,Denison ISD,16710,71506.0,3541.0
G48016740,2020-2024,Texas,Denton ISD,16740,90602.0,2853.0
G48016770,2020-2024,Texas,Denver City ISD,16770,90757.0,16248.0
G48016890,2020-2024,Texas,Detroit ISD,16890,80096.0,19180.0
G48016920,2020-2024,Texas,Devers ISD,16920,77768.0,13253.0
G48016950,2020-2024,Texas,Devine ISD,16950,61544.0,9548.0
G48016980,2020-2024,Texas,Dew ISD,16980,68906.0,28637.0
G48017010,2020-2024,Texas,Deweyville ISD,17010,64563.0,37881.0
G48017040,2020-2024,Texas,Diboll ISD,17040,61559.0,9202.0
G48017070,2020-2024,Texas,Dickinson ISD,17070,83295.0,5974.0
G48017100,2020-2024,Texas,Dilley ISD,17100,56354.0,23533.0
G48017130,2020-2024,Texas,Dime Box ISD,17130,61250.0,13885.0
G48017160,2020-2024,Texas,Dimmitt ISD,17160,57532.0,22053.0
G48017190,2020-2024,Texas,Divide ISD,17190,87083.0,43997.0
G48017280,2020-2024,Texas,Dodd City ISD,17280,102125.0,28166.0
G48017390,2020-2024,Texas,Donna ISD,17390,43627.0,4301.0
G48017400,2020-2024,Texas,Doss Consolidated CSD,17400,98523.0,22207.0
G48017460,2020-2024,Texas,Douglass ISD,17460,79948.0,17300.0
G48000008,2020-2024,Texas,Dripping Springs ISD,8,169874.0,15997.0
G48017550,2020-2024,Texas,Driscoll ISD,17550,,
G48017580,2020-2024,Texas,Dublin ISD,17580,66344.0,18030.0
G48017610,2020-2024,Texas,Dumas ISD,17610,61618.0,4735.0
G48017640,2020-2024,Texas,Duncanville ISD,17640,72230.0,3318.0
G48017700,2020-2024,Texas,Eagle Mountain-Saginaw ISD,17700,101650.0,5510.0
G48017730,2020-2024,Texas,Eagle Pass ISD,17730,49568.0,4673.0
G48017760,2020-2024,Texas,Eanes ISD,17760,195329.0,13185.0
G48017790,2020-2024,Texas,Early ISD,17790,77661.0,19935.0
G48017830,2020-2024,Texas,East Bernard ISD,17830,96250.0,24123.0
G48017850,2020-2024,Texas,East Central ISD,17850,80803.0,6282.0
G48017880,2020-2024,Texas,East Chambers ISD,17880,77331.0,16038.0
G48017960,2020-2024,Texas,Eastland ISD,17960,56948.0,14498.0
G48018000,2020-2024,Texas,Ector County ISD,18000,71536.0,3707.0
G48018030,2020-2024,Texas,Ector ISD,18030,78203.0,11351.0
G48018060,2020-2024,Texas,Edcouch-Elsa ISD,18060,38770.0,8070.0
G48018070,2020-2024,Texas,Eden CISD,18070,67216.0,21471.0
G48018150,2020-2024,Texas,Edgewood ISD (Bexar County),18150,42055.0,1987.0
G48018120,2020-2024,Texas,Edgewood ISD (Van Zandt County),18120,78995.0,10569.0
G48018180,2020-2024,Texas,Edinburg CISD,18180,58501.0,3250.0
G48018210,2020-2024,Texas,Edna ISD,18210,63014.0,6974.0
G48018280,2020-2024,Texas,El Campo ISD,18280,70550.0,8735.0
G48018300,2020-2024,Texas,El Paso ISD,18300,54425.0,1950.0
G48018330,2020-2024,Texas,Electra ISD,18330,69356.0,14510.0
G48018360,2020-2024,Texas,Elgin ISD,18360,90375.0,11216.0
G48018390,2020-2024,Texas,Elkhart ISD,18390,70759.0,6212.0
G48018480,2020-2024,Texas,Elysian Fields ISD,18480,73750.0,21263.0
G48018540,2020-2024,Texas,Ennis ISD,18540,77169.0,6319.0
G48018600,2020-2024,Texas,Era ISD,18600,87639.0,18967.0
G48018690,2020-2024,Texas,Eula ISD,18690,74405.0,15591.0
G48018720,2020-2024,Texas,Eustace ISD,18720,59936.0,11793.0
G48018750,2020-2024,Texas,Evadale ISD,18750,49966.0,23190.0
G48018780,2020-2024,Texas,Evant ISD,18780,76447.0,8328.0
G48018810,2020-2024,Texas,Everman ISD,18810,75317.0,5528.0
G48018840,2020-2024,Texas,Excelsior ISD,18840,57850.0,25302.0
G48018890,2020-2024,Texas,Ezzell ISD,18890,55809.0,13712.0
G48018900,2020-2024,Texas,Fabens ISD,18900,43367.0,16273.0
G48018940,2020-2024,Texas,Fairfield ISD,18940,59727.0,7759.0
G48019020,2020-2024,Texas,Falls City ISD,19020,89677.0,20464.0
G48019050,2020-2024,Texas,Fannindel ISD,19050,64286.0,21941.0
G48019080,2020-2024,Texas,Farmersville ISD,19080,90154.0,16207.0
G48019110,2020-2024,Texas,Farwell ISD,19110,68889.0,13658.0
G48019140,2020-2024,Texas,Fayetteville ISD,19140,87907.0,10338.0
G48019170,2020-2024,Texas,Ferris ISD,19170,81786.0,20382.0
G48019280,2020-2024,Texas,Flatonia ISD,19280,75764.0,14291.0
G48019320,2020-2024,Texas,Florence ISD,19320,90000.0,13338.0
G48019350,2020-2024,Texas,Floresville ISD,19350,89880.0,7094.0
G48019380,2020-2024,Texas,Flour Bluff ISD,19380,92182.0,8117.0
G48019440,2020-2024,Texas,Floydada Collegiate ISD,19440,53315.0,13377.0
G48019500,2020-2024,Texas,Follett ISD,19500,86250.0,14127.0
G48019530,2020-2024,Texas,Forestburg ISD,19530,91094.0,14833.0
G48019560,2020-2024,Texas,Forney ISD,19560,104853.0,5897.0
G48019620,2020-2024,Texas,Forsan ISD,19620,91508.0,13939.0
G48019650,2020-2024,Texas,Fort Bend ISD,19650,105638.0,3226.0
G48020100,2020-2024,Texas,Fort Davis ISD,20100,73098.0,32516.0
G48011400,2020-2024,Texas,Fort Elliott CISD,11400,94250.0,35016.0
G48020130,2020-2024,Texas,Fort Hancock ISD,20130,45000.0,15946.0
G48020160,2020-2024,Texas,Fort Sam Houston ISD,20160,100662.0,21360.0
G48020190,2020-2024,Texas,Fort Stockton ISD,20190,79028.0,11019.0
G48019700,2020-2024,Texas,Fort Worth ISD,19700,65742.0,1341.0
G48019740,2020-2024,Texas,Franklin ISD,19740,101875.0,18250.0
G48019770,2020-2024,Texas,Frankston ISD,19770,72234.0,15445.0
G48019840,2020-2024,Texas,Fredericksburg ISD,19840,75388.0,7856.0
G48019820,2020-2024,Texas,Freer ISD,19820,73750.0,36895.0
G48019830,2020-2024,Texas,Frenship ISD,19830,77793.0,3734.0
G48019950,2020-2024,Texas,Friendswood ISD,19950,149590.0,9820.0
G48019980,2020-2024,Texas,Friona ISD,19980,72500.0,17213.0
G48020010,2020-2024,Texas,Frisco ISD,20010,144206.0,2934.0
G48020040,2020-2024,Texas,Frost ISD,20040,83125.0,17826.0
G48020070,2020-2024,Texas,Fruitvale ISD,20070,60467.0,7182.0
G48020220,2020-2024,Texas,Gainesville ISD,20220,59464.0,3576.0
G48020250,2020-2024,Texas,Galena Park ISD,20250,57350.0,5533.0
G48020280,2020-2024,Texas,Galveston ISD,20280,56708.0,3726.0
G48020310,2020-2024,Texas,Ganado ISD,20310,81826.0,18563.0
G48020340,2020-2024,Texas,Garland ISD,20340,82979.0,2461.0
G48020370,2020-2024,Texas,Garner ISD,20370,107128.0,13784.0
G48020400,2020-2024,Texas,Garrison ISD,20400,59130.0,6549.0
G48020460,2020-2024,Texas,Gary ISD,20460,65313.0,19401.0
G48020500,2020-2024,Texas,Gatesville ISD,20500,70998.0,5747.0
G48020520,2020-2024,Texas,Gause ISD,20520,65313.0,19676.0
G48020550,2020-2024,Texas,George West ISD,20550,56342.0,11929.0
G48020600,2020-2024,Texas,Georgetown ISD,20600,104990.0,4395.0
G48020610,2020-2024,Texas,Gholson ISD,20610,77841.0,16221.0
G48020640,2020-2024,Texas,Giddings ISD,20640,72518.0,15025.0
G48020700,2020-2024,Texas,Gilmer ISD,20700,52688.0,4955.0
G48020760,2020-2024,Texas,Gladewater ISD,20760,62593.0,6403.0
G48020790,2020-2024,Texas,Glasscock County ISD,20790,101250.0,53302.0
G48020850,2020-2024,Texas,Glen Rose ISD,20850,82353.0,23559.0
G48020960,2020-2024,Texas,Godley ISD,20960,92786.0,13470.0
G48020970,2020-2024,Texas,Gold-Burg ISD,20970,63500.0,12622.0
G48021000,2020-2024,Texas,Goldthwaite CISD,21000,70250.0,11406.0
G48021030,2020-2024,Texas,Goliad ISD,21030,59359.0,7643.0
G48021060,2020-2024,Texas,Gonzales ISD,21060,59081.0,6510.0
G48021090,2020-2024,Texas,Goodrich ISD,21090,56106.0,16859.0
G48021150,2020-2024,Texas,Goose Creek CISD,21150,66497.0,3398.0
G48021180,2020-2024,Texas,Gordon ISD,21180,96750.0,11838.0
G48021270,2020-2024,Texas,Gorman ISD,21270,50542.0,14006.0
G48021300,2020-2024,Texas,Grady ISD,21300,111250.0,43163.0
G48021330,2020-2024,Texas,Graford ISD,21330,61051.0,7901.0
G48021360,2020-2024,Texas,Graham ISD,21360,75442.0,8910.0
G48021390,2020-2024,Texas,Granbury ISD,21390,88608.0,6507.0
G48021420,2020-2024,Texas,Grand Prairie ISD,21420,75791.0,2581.0
G48021450,2020-2024,Texas,Grand Saline ISD,21450,58750.0,11882.0
G48021480,2020-2024,Texas,Grandfalls-Royalty ISD,21480,68472.0,21720.0
G48021540,2020-2024,Texas,Grandview ISD,21540,87389.0,12680.0
G48021560,2020-2024,Texas,Grandview-Hopkins ISD,21560,58750.0,24177.0
G48021590,2020-2024,Texas,Granger ISD,21590,76522.0,19055.0
G48021600,2020-2024,Texas,Grape Creek ISD,21600,72147.0,23594.0
G48021630,2020-2024,Texas,Grapeland ISD,21630,60012.0,17355.0
G48021660,2020-2024,Texas,Grapevine-Colleyville ISD,21660,117626.0,6703.0
G48021720,2020-2024,Texas,Greenville ISD,21720,66514.0,3730.0
G48021750,2020-2024,Texas,Greenwood ISD,21750,128864.0,20722.0
G48021780,2020-2024,Texas,Gregory-Portland ISD,21780,82083.0,9503.0
G48021810,2020-2024,Texas,Groesbeck ISD,21810,61788.0,4016.0
G48021840,2020-2024,Texas,Groom ISD,21840,74375.0,34696.0
G48021900,2020-2024,Texas,Groveton ISD,21900,54026.0,10450.0
G48021930,2020-2024,Texas,Gruver ISD,21930,82273.0,20058.0
G48021960,2020-2024,Texas,Gunter ISD,21960,133000.0,28089.0
G48021990,2020-2024,Texas,Gustine ISD,21990,64000.0,20100.0
G48022020,2020-2024,Texas,Guthrie CSD,22020,46645.0,20375.0
G48022050,2020-2024,Texas,Hale Center ISD,22050,62257.0,12234.0
G48022120,2020-2024,Texas,Hallettsville ISD,22120,68403.0,11811.0
G48022140,2020-2024,Texas,Hallsburg ISD,22140,66750.0,29061.0
G48022170,2020-2024,Texas,Hallsville ISD,22170,82924.0,11440.0
G48022230,2020-2024,Texas,Hamilton ISD,22230,50446.0,7824.0
G48022260,2020-2024,Texas,Hamlin ISD,22260,62134.0,13383.0
G48022320,2020-2024,Texas,Hamshire-Fannett ISD,22320,101541.0,10383.0
G48022350,2020-2024,Texas,Happy ISD,22350,70566.0,18222.0
G48022380,2020-2024,Texas,Hardin ISD,22380,65701.0,19237.0
G48022410,2020-2024,Texas,Hardin-Jefferson ISD,22410,97988.0,7387.0
G48022470,2020-2024,Texas,Harlandale ISD,22470,51927.0,3821.0
G48022500,2020-2024,Texas,Harleton ISD,22500,55592.0,31444.0
G48022530,2020-2024,Texas,Harlingen CISD,22530,58146.0,3628.0
G48022560,2020-2024,Texas,Harmony ISD,22560,66090.0,17114.0
G48022590,2020-2024,Texas,Harper ISD,22590,80143.0,20962.0
G48022620,2020-2024,Texas,Harrold ISD,22620,87500.0,61159.0
G48022650,2020-2024,Texas,Hart ISD,22650,51932.0,10101.0
G48022680,2020-2024,Texas,Hartley ISD,22680,66339.0,56342.0
G48022710,2020-2024,Texas,Harts Bluff ISD,22710,66471.0,21974.0
G48022740,2020-2024,Texas,Haskell CISD,22740,63059.0,5536.0
G48022770,2020-2024,Texas,Hawkins ISD,22770,55224.0,13130.0
G48022800,2020-2024,Texas,Hawley ISD,22800,90275.0,17295.0
G48000010,2020-2024,Texas,Hays CISD,10,101693.0,4474.0
G48022830,2020-2024,Texas,Hearne ISD,22830,55563.0,8930.0
G48022850,2020-2024,Texas,Hedley ISD,22850,61012.0,26483.0
G48022890,2020-2024,Texas,Hemphill ISD,22890,64806.0,7784.0
G48022920,2020-2024,Texas,Hempstead ISD,22920,61948.0,7337.0
G48022970,2020-2024,Texas,Henderson ISD,22970,69754.0,6816.0
G48022980,2020-2024,Texas,Henrietta ISD,22980,77059.0,12210.0
G48023010,2020-2024,Texas,Hereford ISD,23010,60504.0,6568.0
G48023040,2020-2024,Texas,Hermleigh ISD,23040,71563.0,22974.0
G48023070,2020-2024,Texas,Hico ISD,23070,69640.0,6740.0
G48023100,2020-2024,Texas,Hidalgo ISD,23100,41094.0,17159.0
G48023160,2020-2024,Texas,High Island ISD,23160,77344.0,28763.0
G48023190,2020-2024,Texas,Highland ISD,23190,64773.0,8619.0
G48023250,2020-2024,Texas,Highland Park ISD (Dallas County),23250,250001.0,
G48035560,2020-2024,Texas,Highland Park ISD (Potter County),35560,73125.0,17661.0
G48023280,2020-2024,Texas,Hillsboro ISD,23280,59048.0,9012.0
G48023310,2020-2024,Texas,Hitchcock ISD,23310,84818.0,6940.0
G48023370,2020-2024,Texas,Holland ISD,23370,84063.0,22605.0
G48023400,2020-2024,Texas,Holliday ISD,23400,86364.0,16135.0
G48023430,2020-2024,Texas,Hondo ISD,23430,64007.0,8794.0
G48023460,2020-2024,Texas,Honey Grove ISD,23460,55472.0,9212.0
G48023490,2020-2024,Texas,Hooks ISD,23490,57978.0,10209.0
G48023640,2020-2024,Texas,Houston ISD,23640,67518.0,1067.0
G48023670,2020-2024,Texas,Howe ISD,23670,75145.0,8411.0
G48023700,2020-2024,Texas,Hubbard ISD (Bowie County),23700,62417.0,14417.0
G48023730,2020-2024,Texas,"Hubbard ISD (Hill, Limestone, and Navarro Counties)",23730,59412.0,28220.0
G48023760,2020-2024,Texas,Huckabay ISD,23760,88750.0,16517.0
G48023790,2020-2024,Texas,Hudson ISD,23790,61023.0,10338.0
G48023820,2020-2024,Texas,Huffman ISD,23820,89756.0,14860.0
G48023850,2020-2024,Texas,Hughes Springs ISD,23850,39009.0,5278.0
G48023880,2020-2024,Texas,Hull-Daisetta ISD,23880,64952.0,9320.0
G48023910,2020-2024,Texas,Humble ISD,23910,106433.0,4036.0
G48023970,2020-2024,Texas,Hunt ISD,23970,79375.0,37842.0
G48024000,2020-2024,Texas,Huntington ISD,24000,63485.0,9818.0
G48024030,2020-2024,Texas,Huntsville ISD,24030,50985.0,4069.0
G48024060,2020-2024,Texas,Hurst-Euless-Bedford ISD,24060,82201.0,2569.0
G48024100,2020-2024,Texas,Hutto ISD,24100,123195.0,8904.0
G48024120,2020-2024,Texas,Idalou ISD,24120,64405.0,14933.0
G48024150,2020-2024,Texas,Industrial ISD,24150,64919.0,15905.0
G48024180,2020-2024,Texas,Ingleside ISD,24180,70657.0,12652.0
G48024210,2020-2024,Texas,Ingram ISD,24210,71556.0,13445.0
G48024240,2020-2024,Texas,Iola ISD,24240,67781.0,10212.0
G48024260,2020-2024,Texas,Iowa Park CISD,24260,75323.0,14316.0
G48024300,2020-2024,Texas,Ira ISD,24300,111667.0,51086.0
G48024330,2020-2024,Texas,Iraan-Sheffield Collegiate ISD,24330,45982.0,13410.0
G48024360,2020-2024,Texas,Iredell ISD,24360,81354.0,21179.0
G48030360,2020-2024,Texas,Irion County ISD,30360,70357.0,19271.0
G48024420,2020-2024,Texas,Irving ISD,24420,71448.0,1756.0
G48024450,2020-2024,Texas,Italy ISD,24450,65119.0,25299.0
G48024480,2020-2024,Texas,Itasca ISD,24480,82260.0,12873.0
G48024530,2020-2024,Texas,Jacksboro ISD,24530,59153.0,15886.0
G48024590,2020-2024,Texas,Jacksonville ISD,24590,52895.0,4124.0
G48024600,2020-2024,Texas,Jarrell ISD,24600,94385.0,4031.0
G48024630,2020-2024,Texas,Jasper ISD,24630,53795.0,5442.0
G48024660,2020-2024,Texas,Jayton-Girard ISD,24660,63375.0,28012.0
G48024730,2020-2024,Texas,Jefferson ISD,24730,50046.0,3876.0
G48024750,2020-2024,Texas,Jim Hogg County ISD,24750,42211.0,3821.0
G48024780,2020-2024,Texas,Jim Ned CISD,24780,94219.0,20160.0
G48024810,2020-2024,Texas,Joaquin ISD,24810,55267.0,23623.0
G48024840,2020-2024,Texas,Johnson City ISD,24840,91763.0,11282.0
G48024900,2020-2024,Texas,Jonesboro ISD,24900,60913.0,19435.0
G48024930,2020-2024,Texas,Joshua ISD,24930,94155.0,7917.0
G48024960,2020-2024,Texas,Jourdanton ISD,24960,77866.0,9472.0
G48024990,2020-2024,Texas,Judson ISD,24990,76852.0,3281.0
G48025020,2020-2024,Texas,Junction ISD,25020,64432.0,10034.0
G48025110,2020-2024,Texas,Karnack ISD,25110,42337.0,14747.0
G48025140,2020-2024,Texas,Karnes City ISD,25140,61446.0,14126.0
G48025170,2020-2024,Texas,Katy ISD,25170,115908.0,3939.0
G48025200,2020-2024,Texas,Kaufman ISD,25200,74438.0,16313.0
G48025230,2020-2024,Texas,Keene ISD,25230,53352.0,14140.0
G48025260,2020-2024,Texas,Keller ISD,25260,122192.0,5501.0
G48025290,2020-2024,Texas,Kelton ISD,25290,61250.0,57503.0
G48025320,2020-2024,Texas,Kemp ISD,25320,71744.0,6345.0
G48025410,2020-2024,Texas,Kenedy County-Wide CSD,25410,38882.0,4589.0
G48025440,2020-2024,Texas,Kenedy ISD,25440,61250.0,23967.0
G48025470,2020-2024,Texas,Kennard ISD,25470,58684.0,20350.0
G48025500,2020-2024,Texas,Kennedale ISD,25500,103655.0,7869.0
G48025530,2020-2024,Texas,Kerens ISD,25530,66250.0,13388.0
G48025560,2020-2024,Texas,Kermit ISD,25560,80851.0,21002.0
G48025590,2020-2024,Texas,Kerrville ISD,25590,65030.0,4507.0
G48025620,2020-2024,Texas,Kilgore ISD,25620,69261.0,11510.0
G48025660,2020-2024,Texas,Killeen ISD,25660,64887.0,2567.0
G48025680,2020-2024,Texas,Kingsville ISD,25680,57710.0,9760.0
G48025710,2020-2024,Texas,Kirbyville CISD,25710,61378.0,16535.0
G48025740,2020-2024,Texas,Klein ISD,25740,95905.0,3629.0
G48025790,2020-2024,Texas,Klondike ISD,25790,99583.0,11320.0
G48025800,2020-2024,Texas,Knippa ISD,25800,57692.0,17850.0
G48025870,2020-2024,Texas,Knox City-O'Brien CISD,25870,48056.0,12427.0
G48025890,2020-2024,Texas,Kopperl ISD,25890,68301.0,8653.0
G48025920,2020-2024,Texas,Kountze ISD,25920,65136.0,10107.0
G48025950,2020-2024,Texas,Kress ISD,25950,33438.0,11656.0
G48025980,2020-2024,Texas,Krum ISD,25980,123044.0,6845.0
G48026040,2020-2024,Texas,La Feria ISD,26040,49870.0,6407.0
G48026070,2020-2024,Texas,La Gloria ISD,26070,65750.0,43756.0
G48026100,2020-2024,Texas,La Grange ISD,26100,75534.0,5301.0
G48026130,2020-2024,Texas,La Joya ISD,26130,46719.0,3503.0
G48026190,2020-2024,Texas,La Porte ISD,26190,90696.0,6916.0
G48026250,2020-2024,Texas,La Pryor ISD,26250,39659.0,28558.0
G48026280,2020-2024,Texas,La Vega ISD,26280,53775.0,10721.0
G48026310,2020-2024,Texas,La Vernia ISD,26310,115669.0,9735.0
G48026340,2020-2024,Texas,La Villa ISD,26340,46779.0,15572.0
G48026220,2020-2024,Texas,LaPoyner ISD,26220,81148.0,7615.0
G48026370,2020-2024,Texas,Lackland ISD,26370,64539.0,15330.0
G48026400,2020-2024,Texas,Lago Vista ISD,26400,113058.0,14100.0
G48026430,2020-2024,Texas,Lake Dallas ISD,26430,105650.0,8013.0
G48026470,2020-2024,Texas,Lake Travis ISD,26470,156087.0,14563.0
G48026490,2020-2024,Texas,Lake Worth ISD,26490,51120.0,7541.0
G48026580,2020-2024,Texas,Lamar CISD,26580,109349.0,5441.0
G48026610,2020-2024,Texas,Lamesa ISD,26610,51358.0,12128.0
G48026640,2020-2024,Texas,Lampasas ISD,26640,80703.0,7640.0
G48026670,2020-2024,Texas,Lancaster ISD,26670,69151.0,7883.0
G48026700,2020-2024,Texas,Laneville ISD,26700,62381.0,39648.0
G48026790,2020-2024,Texas,Laredo ISD,26790,39329.0,2198.0
G48026850,2020-2024,Texas,Lasara ISD,26850,,
G48026910,2020-2024,Texas,Latexo ISD,26910,78672.0,26292.0
G48026970,2020-2024,Texas,Lazbuddie ISD,26970,93125.0,46324.0
G48027000,2020-2024,Texas,Leakey ISD,27000,62530.0,44366.0
G48027030,2020-2024,Texas,Leander ISD,27030,133971.0,3764.0
G48027060,2020-2024,Texas,Leary ISD,27060,73614.0,7454.0
G48027090,2020-2024,Texas,Lefors ISD,27090,67750.0,29960.0
G48027120,2020-2024,Texas,Leggett ISD,27120,48578.0,13425.0
G48027180,2020-2024,Texas,Leon ISD,27180,70893.0,11732.0
G48027210,2020-2024,Texas,Leonard ISD,27210,62324.0,7263.0
G48027240,2020-2024,Texas,Levelland ISD,27240,60864.0,10723.0
G48027270,2020-2024,Texas,Leveretts Chapel ISD,27270,70677.0,9523.0
G48027300,2020-2024,Texas,Lewisville ISD,27300,113996.0,2660.0
G48027330,2020-2024,Texas,Lexington ISD,27330,89943.0,16720.0
G48027420,2020-2024,Texas,Liberty Hill ISD,27420,144551.0,8164.0
G48027450,2020-2024,Texas,Liberty ISD,27450,49397.0,12461.0
G48027390,2020-2024,Texas,Liberty-Eylau ISD,27390,45988.0,4905.0
G48027510,2020-2024,Texas,Lindale ISD,27510,92838.0,11899.0
G48027540,2020-2024,Texas,Linden-Kildare CISD,27540,52616.0,14622.0
G48027570,2020-2024,Texas,Lindsay ISD,27570,104423.0,20922.0
G48027600,2020-2024,Texas,Lingleville ISD,27600,78333.0,14380.0
G48027630,2020-2024,Texas,Lipan ISD,27630,90601.0,8456.0
G48027690,2020-2024,Texas,Little Cypress-Mauriceville CISD,27690,78503.0,12030.0
G48027720,2020-2024,Texas,Little Elm ISD,27720,122225.0,8060.0
G48027750,2020-2024,Texas,Littlefield ISD,27750,60145.0,7156.0
G48027780,2020-2024,Texas,Livingston ISD,27780,63607.0,6529.0
G48027810,2020-2024,Texas,Llano ISD,27810,71798.0,8756.0
G48027870,2020-2024,Texas,Lockhart ISD,27870,76224.0,5952.0
G48027890,2020-2024,Texas,Lockney ISD,27890,61639.0,6781.0
G48027930,2020-2024,Texas,Lohn ISD,27930,68750.0,22608.0
G48027960,2020-2024,Texas,Lometa ISD,27960,74038.0,11335.0
G48027990,2020-2024,Texas,London ISD,27990,179913.0,30981.0
G48028020,2020-2024,Texas,Lone Oak ISD,28020,102557.0,28530.0
G48028110,2020-2024,Texas,Longview ISD,28110,61669.0,3661.0
G48028140,2020-2024,Texas,Loop ISD,28140,62917.0,43644.0
G48028170,2020-2024,Texas,Loraine ISD,28170,52188.0,15726.0
G48028200,2020-2024,Texas,Lorena ISD,28200,104000.0,13129.0
G48028230,2020-2024,Texas,Lorenzo ISD,28230,57813.0,29224.0
G48028290,2020-2024,Texas,Los Fresnos CISD,28290,69593.0,5023.0
G48028350,2020-2024,Texas,Louise ISD,28350,74500.0,30405.0
G48028380,2020-2024,Texas,Lovejoy ISD,28380,181170.0,30114.0
G48028410,2020-2024,Texas,Lovelady ISD,28410,67031.0,18199.0
G48028500,2020-2024,Texas,Lubbock ISD,28500,53614.0,2024.0
G48015180,2020-2024,Texas,Lubbock-Cooper ISD,15180,109087.0,7884.0
G48028530,2020-2024,Texas,Lueders-Avoca ISD,28530,83056.0,31063.0
G48028550,2020-2024,Texas,Lufkin ISD,28550,58102.0,4382.0
G48028590,2020-2024,Texas,Luling ISD,28590,58684.0,5407.0
G48013530,2020-2024,Texas,Lumberton ISD,13530,98812.0,9473.0
G48028620,2020-2024,Texas,Lyford CISD,28620,43954.0,18061.0
G48028650,2020-2024,Texas,Lytle ISD,28650,71696.0,19932.0
G48028680,2020-2024,Texas,Mabank ISD,28680,62913.0,4658.0
G48028710,2020-2024,Texas,Madisonville CISD,28710,69704.0,6467.0
G48028740,2020-2024,Texas,Magnolia ISD,28740,107283.0,8534.0
G48028780,2020-2024,Texas,Malakoff ISD,28780,68269.0,8885.0
G48028800,2020-2024,Texas,Malone ISD,28800,56250.0,24213.0
G48028830,2020-2024,Texas,Malta ISD,28830,88333.0,19181.0
G48028890,2020-2024,Texas,Manor ISD,28890,97415.0,7159.0
G48028920,2020-2024,Texas,Mansfield ISD,28920,113158.0,3716.0
G48028980,2020-2024,Texas,Marathon ISD,28980,46019.0,8193.0
G48029010,2020-2024,Texas,Marble Falls ISD,29010,75649.0,6586.0
G48029040,2020-2024,Texas,Marfa ISD,29040,45641.0,8108.0
G48029100,2020-2024,Texas,Marion ISD,29100,84853.0,11833.0
G48029130,2020-2024,Texas,Marlin ISD,29130,43381.0,9773.0
G48029160,2020-2024,Texas,Marshall ISD,29160,57965.0,4396.0
G48029190,2020-2024,Texas,Mart ISD,29190,78393.0,13261.0
G48029220,2020-2024,Texas,Martins Mill ISD,29220,70820.0,26941.0
G48029250,2020-2024,Texas,Martinsville ISD,29250,67031.0,8346.0
G48029280,2020-2024,Texas,Mason ISD,29280,74328.0,6993.0
G48029370,2020-2024,Texas,Matagorda ISD,29370,43676.0,25683.0
G48029400,2020-2024,Texas,Mathis ISD,29400,45367.0,10514.0
G48029460,2020-2024,Texas,Maud ISD,29460,60441.0,12630.0
G48029520,2020-2024,Texas,May ISD,29520,49750.0,9020.0
G48029580,2020-2024,Texas,Maypearl ISD,29580,93514.0,13381.0
G48029670,2020-2024,Texas,McAllen ISD,29670,58719.0,2738.0
G48029700,2020-2024,Texas,McCamey ISD,29700,39423.0,18354.0
G48029760,2020-2024,Texas,McDade ISD,29760,77750.0,27324.0
G48029820,2020-2024,Texas,McGregor ISD,29820,86000.0,15518.0
G48029850,2020-2024,Texas,McKinney ISD,29850,118747.0,5821.0
G48029880,2020-2024,Texas,McLean ISD,29880,71442.0,38046.0
G48029910,2020-2024,Texas,McLeod ISD,29910,53750.0,18396.0
G48029940,2020-2024,Texas,McMullen County ISD,29940,43875.0,13683.0
G48030000,2020-2024,Texas,Meadow ISD,30000,59444.0,44285.0
G48030030,2020-2024,Texas,Medina ISD,30030,82813.0,19973.0
G48030060,2020-2024,Texas,Medina Valley ISD,30060,99115.0,6604.0
G48030120,2020-2024,Texas,Melissa ISD,30120,138846.0,7879.0
G48030180,2020-2024,Texas,Memphis ISD,30180,47917.0,14471.0
G48030210,2020-2024,Texas,Menard ISD,30210,53043.0,18990.0
G48030250,2020-2024,Texas,Mercedes ISD,30250,37280.0,12050.0
G48030300,2020-2024,Texas,Meridian ISD,30300,70000.0,16558.0
G48030340,2020-2024,Texas,Merkel ISD,30340,63393.0,10144.0
G48030390,2020-2024,Texas,Mesquite ISD,30390,71595.0,3110.0
G48030420,2020-2024,Texas,Mexia ISD,30420,53498.0,5218.0
G48030450,2020-2024,Texas,Meyersville ISD,30450,69417.0,19080.0
G48030480,2020-2024,Texas,Miami ISD,30480,68529.0,18683.0
G48030570,2020-2024,Texas,Midland ISD,30570,90403.0,5785.0
G48030600,2020-2024,Texas,Midlothian ISD,30600,131167.0,8483.0
G48030660,2020-2024,Texas,Midway ISD (Clay and Jack Counties),30660,107500.0,40062.0
G48030640,2020-2024,Texas,Midway ISD (McLennan County),30640,95241.0,7603.0
G48030690,2020-2024,Texas,Milano ISD,30690,61786.0,15774.0
G48030720,2020-2024,Texas,Mildred ISD,30720,88115.0,13068.0
G48030750,2020-2024,Texas,Miles ISD,30750,83906.0,20083.0
G48030780,2020-2024,Texas,Milford ISD,30780,61225.0,17568.0
G48030810,2020-2024,Texas,Miller Grove ISD,30810,87368.0,34253.0
G48030870,2020-2024,Texas,Millsap ISD,30870,106628.0,23955.0
G48030930,2020-2024,Texas,Mineola ISD,30930,59063.0,7325.0
G48030950,2020-2024,Texas,Mineral Wells ISD,30950,61827.0,6613.0
G48031040,2020-2024,Texas,Mission CISD,31040,51194.0,3110.0
G48031170,2020-2024,Texas,Monahans-Wickett-Pyote ISD,31170,66026.0,19741.0
G48031200,2020-2024,Texas,Montague ISD,31200,59167.0,28425.0
G48031230,2020-2024,Texas,Monte Alto ISD,31230,40318.0,15878.0
G48031260,2020-2024,Texas,Montgomery ISD,31260,114127.0,13058.0
G48031290,2020-2024,Texas,Moody ISD,31290,86778.0,9569.0
G48031320,2020-2024,Texas,Moran ISD,31320,64615.0,27897.0
G48031380,2020-2024,Texas,Morgan ISD,31380,57500.0,10306.0
G48031410,2020-2024,Texas,Morgan Mill ISD,31410,90500.0,49746.0
G48031470,2020-2024,Texas,Morton ISD,31470,40417.0,10360.0
G48031500,2020-2024,Texas,Motley County ISD,31500,62813.0,13965.0
G48031560,2020-2024,Texas,Moulton ISD,31560,59464.0,3213.0
G48031620,2020-2024,Texas,Mount Calm ISD,31620,59375.0,18104.0
G48031650,2020-2024,Texas,Mount Enterprise ISD,31650,70685.0,15604.0
G48031760,2020-2024,Texas,Mount Pleasant ISD,31760,53933.0,3502.0
G48031770,2020-2024,Texas,Mount Vernon ISD,31770,73614.0,9005.0
G48031860,2020-2024,Texas,Muenster ISD,31860,90944.0,6411.0
G48031890,2020-2024,Texas,Muleshoe ISD,31890,61775.0,16350.0
G48031920,2020-2024,Texas,Mullin ISD,31920,56141.0,7654.0
G48031950,2020-2024,Texas,Mumford ISD,31950,35724.0,18962.0
G48031970,2020-2024,Texas,Munday CISD,31970,60824.0,7150.0
G48032010,2020-2024,Texas,Murchison ISD,32010,59917.0,21479.0
G48032090,2020-2024,Texas,Nacogdoches ISD,32090,49824.0,5221.0
G48032130,2020-2024,Texas,Natalia ISD,32130,75798.0,10893.0
G48032160,2020-2024,Texas,Navarro ISD,32160,98125.0,12252.0
G48032190,2020-2024,Texas,Navasota ISD,32190,68088.0,5637.0
G48032220,2020-2024,Texas,Nazareth ISD,32220,84625.0,75621.0
G48032250,2020-2024,Texas,Neches ISD,32250,84063.0,17292.0
G48032280,2020-2024,Texas,Nederland ISD,32280,77596.0,6633.0
G48032310,2020-2024,Texas,Needville ISD,32310,92120.0,18264.0
G48032340,2020-2024,Texas,New Boston ISD,32340,67729.0,8958.0
G48032370,2020-2024,Texas,New Braunfels ISD,32370,98942.0,6666.0
G48032400,2020-2024,Texas,New Caney ISD,32400,85629.0,4794.0
G48032430,2020-2024,Texas,New Deal ISD,32430,88698.0,10554.0
G48032460,2020-2024,Texas,New Diana ISD,32460,92632.0,25528.0
G48032490,2020-2024,Texas,New Home ISD,32490,101520.0,3486.0
G48032610,2020-2024,Texas,New Summerfield ISD,32610,70139.0,33824.0
G48032640,2020-2024,Texas,New Waverly ISD,32640,58813.0,9958.0
G48032700,2020-2024,Texas,Newcastle ISD,32700,74191.0,30205.0
G48032730,2020-2024,Texas,Newton ISD,32730,39682.0,7808.0
G48032740,2020-2024,Texas,Nixon-Smiley CISD,32740,54932.0,12590.0
G48032790,2020-2024,Texas,Nocona ISD,32790,52569.0,10449.0
G48032880,2020-2024,Texas,Nordheim ISD,32880,44013.0,16728.0
G48032910,2020-2024,Texas,Normangee ISD,32910,68818.0,19075.0
G48032940,2020-2024,Texas,North East ISD,32940,79074.0,1581.0
G48032970,2020-2024,Texas,North Hopkins ISD,32970,64939.0,16238.0
G48033010,2020-2024,Texas,North Lamar ISD,33010,81750.0,12935.0
G48033030,2020-2024,Texas,North Zulch ISD,33030,79875.0,19848.0
G48033120,2020-2024,Texas,"Northside ISD (Bandera, Bexar, and Medina Counties)",33120,80406.0,1191.0
G48033090,2020-2024,Texas,Northside ISD (Wilbarger County),33090,83229.0,24798.0
G48033180,2020-2024,Texas,Northwest ISD,33180,127922.0,6842.0
G48033240,2020-2024,Texas,Nueces Canyon CISD,33240,37895.0,10219.0
G48033270,2020-2024,Texas,Nursery ISD,33270,80313.0,17914.0
G48033390,2020-2024,Texas,O'Donnell ISD,33390,70192.0,9256.0
G48033340,2020-2024,Texas,Oakwood ISD,33340,53073.0,10679.0
G48033360,2020-2024,Texas,Odem-Edroy ISD,33360,71397.0,16523.0
G48033420,2020-2024,Texas,Oglesby ISD,33420,60238.0,14547.0
G48033570,2020-2024,Texas,Olfen ISD,33570,64167.0,18574.0
G48033630,2020-2024,Texas,Olney ISD,33630,44053.0,8706.0
G48033660,2020-2024,Texas,Olton ISD,33660,61375.0,6010.0
G48033690,2020-2024,Texas,Onalaska ISD,33690,70252.0,6753.0
G48033720,2020-2024,Texas,Orange Grove ISD,33720,64638.0,15844.0
G48033780,2020-2024,Texas,Orangefield ISD,33780,84639.0,18127.0
G48033840,2020-2024,Texas,Ore City ISD,33840,67388.0,17071.0
G48033870,2020-2024,Texas,Overton ISD,33870,70185.0,23895.0
G48033900,2020-2024,Texas,Paducah ISD,33900,49688.0,25883.0
G48033960,2020-2024,Texas,Paint Creek ISD,33960,69375.0,34518.0
G48033980,2020-2024,Texas,Paint Rock ISD,33980,57125.0,14398.0
G48034020,2020-2024,Texas,Palacios ISD,34020,64922.0,7479.0
G48034050,2020-2024,Texas,Palestine ISD,34050,58908.0,8775.0
G48034110,2020-2024,Texas,Palmer ISD,34110,106652.0,16738.0
G48034140,2020-2024,Texas,Palo Pinto ISD,34140,77417.0,10161.0
G48034170,2020-2024,Texas,Pampa ISD,34170,57351.0,6603.0
G48034230,2020-2024,Texas,Panhandle ISD,34230,86630.0,3477.0
G48000007,2020-2024,Texas,Panther Creek CISD,7,61583.0,7977.0
G48034260,2020-2024,Texas,Paradise ISD,34260,103333.0,26423.0
G48034290,2020-2024,Texas,Paris ISD,34290,46246.0,4128.0
G48034320,2020-2024,Texas,Pasadena ISD,34320,63162.0,2316.0
G48034380,2020-2024,Texas,Patton Springs ISD,34380,52778.0,8924.0
G48034410,2020-2024,Texas,Pawnee ISD,34410,56964.0,31430.0
G48034440,2020-2024,Texas,Pearland ISD,34440,114890.0,5310.0
G48034470,2020-2024,Texas,Pearsall ISD,34470,63545.0,11761.0
G48034500,2020-2024,Texas,Peaster ISD,34500,118199.0,18763.0
G48034550,2020-2024,Texas,Pecos-Barstow-Toyah ISD,34550,65023.0,11661.0
G48034560,2020-2024,Texas,Penelope ISD,34560,57604.0,18391.0
G48034630,2020-2024,Texas,Perrin-Whitt CISD,34630,89167.0,14527.0
G48034650,2020-2024,Texas,Perryton ISD,34650,70671.0,9400.0
G48034680,2020-2024,Texas,Petersburg ISD,34680,53750.0,14117.0
G48034710,2020-2024,Texas,Petrolia CISD,34710,77961.0,11186.0
G48034770,2020-2024,Texas,Pettus ISD,34770,70250.0,11519.0
G48034800,2020-2024,Texas,Pewitt CISD,34800,56139.0,3524.0
G48034830,2020-2024,Texas,Pflugerville ISD,34830,101238.0,4039.0
G48034860,2020-2024,Texas,Pharr-San Juan-Alamo ISD,34860,53932.0,3559.0
G48034920,2020-2024,Texas,Pilot Point ISD,34920,97854.0,24379.0
G48034980,2020-2024,Texas,Pine Tree ISD,34980,68743.0,3790.0
G48035010,2020-2024,Texas,Pittsburg ISD,35010,59172.0,8002.0
G48035040,2020-2024,Texas,Plains ISD,35040,76360.0,10000.0
G48035070,2020-2024,Texas,Plainview ISD,35070,47663.0,6076.0
G48035100,2020-2024,Texas,Plano ISD,35100,105159.0,2320.0
G48035130,2020-2024,Texas,Pleasant Grove ISD,35130,93968.0,11512.0
G48035190,2020-2024,Texas,Pleasanton ISD,35190,66925.0,8049.0
G48041580,2020-2024,Texas,Plemons-Stinnett-Phillips CISD,41580,48356.0,8504.0
G48035250,2020-2024,Texas,Point Isabel ISD,35250,62596.0,4846.0
G48035310,2020-2024,Texas,Ponder ISD,35310,101603.0,15704.0
G48035340,2020-2024,Texas,Poolville ISD,35340,66548.0,1761.0
G48035370,2020-2024,Texas,Port Aransas ISD,35370,91106.0,24830.0
G48035400,2020-2024,Texas,Port Arthur ISD,35400,42827.0,3754.0
G48035430,2020-2024,Texas,Port Neches-Groves ISD,35430,81914.0,8598.0
G48035490,2020-2024,Texas,Post ISD,35490,46081.0,16095.0
G48035520,2020-2024,Texas,Poteet ISD,35520,62625.0,26771.0
G48035550,2020-2024,Texas,Poth ISD,35550,73162.0,12331.0
G48035580,2020-2024,Texas,Pottsboro ISD,35580,79710.0,10159.0
G48035700,2020-2024,Texas,Prairie Lea ISD,35700,66827.0,39477.0
G48035730,2020-2024,Texas,Prairie Valley ISD,35730,59600.0,15911.0
G48035740,2020-2024,Texas,Prairiland ISD,35740,67806.0,10727.0
G48035760,2020-2024,Texas,Premont ISD,35760,47878.0,5218.0
G48035800,2020-2024,Texas,Presidio ISD,35800,42818.0,23580.0
G48035820,2020-2024,Texas,Priddy ISD,35820,61875.0,21168.0
G48035850,2020-2024,Texas,Princeton ISD,35850,100333.0,5182.0
G48035890,2020-2024,Texas,Pringle-Morse CISD,35890,64038.0,4245.0
G48035910,2020-2024,Texas,Progreso ISD,35910,39806.0,30179.0
G48036000,2020-2024,Texas,Prosper ISD,36000,174840.0,7313.0
G48036180,2020-2024,Texas,Quanah ISD,36180,62283.0,15069.0
G48036210,2020-2024,Texas,Queen City ISD,36210,47616.0,7748.0
G48036240,2020-2024,Texas,Quinlan ISD,36240,68859.0,8176.0
G48036300,2020-2024,Texas,Quitman ISD,36300,57708.0,7974.0
G48036360,2020-2024,Texas,Rains ISD,36360,66272.0,4534.0
G48036390,2020-2024,Texas,Ralls ISD,36390,57993.0,8146.0
G48036420,2020-2024,Texas,Ramirez CSD,36420,55417.0,22853.0
G48036450,2020-2024,Texas,Randolph Field ISD,36450,113250.0,22031.0
G48036480,2020-2024,Texas,Ranger ISD,36480,38538.0,10485.0
G48036510,2020-2024,Texas,Rankin ISD,36510,71038.0,17664.0
G48036540,2020-2024,Texas,Raymondville ISD,36540,53978.0,10729.0
G48036570,2020-2024,Texas,Reagan County ISD,36570,57813.0,16497.0
G48036630,2020-2024,Texas,Red Lick ISD,36630,102344.0,17145.0
G48036660,2020-2024,Texas,Red Oak ISD,36660,104420.0,8986.0
G48036750,2020-2024,Texas,Redwater ISD,36750,76250.0,20924.0
G48036780,2020-2024,Texas,Refugio ISD,36780,52727.0,20099.0
G48099999,2020-2024,Texas,Remainder of Texas,99999,90000.0,14052.0
G48036930,2020-2024,Texas,Ricardo ISD,36930,84345.0,10914.0
G48036970,2020-2024,Texas,Rice CISD,36970,65000.0,7517.0
G48036960,2020-2024,Texas,Rice ISD,36960,69712.0,22017.0
G48036990,2020-2024,Texas,Richards ISD,36990,87625.0,17669.0
G48037020,2020-2024,Texas,Richardson ISD,37020,78676.0,2509.0
G48037080,2020-2024,Texas,Richland Springs ISD,37080,61976.0,21835.0
G48037110,2020-2024,Texas,Riesel ISD,37110,78071.0,9716.0
G48037140,2020-2024,Texas,Rio Grande City Grulla ISD,37140,42795.0,3412.0
G48037170,2020-2024,Texas,Rio Hondo ISD,37170,54190.0,12463.0
G48037200,2020-2024,Texas,Rio Vista ISD,37200,59219.0,11772.0
G48037230,2020-2024,Texas,Rising Star ISD,37230,41735.0,6196.0
G48037260,2020-2024,Texas,River Road ISD,37260,74691.0,13055.0
G48042120,2020-2024,Texas,Rivercrest ISD,42120,51667.0,5613.0
G48037320,2020-2024,Texas,Riviera ISD,37320,100969.0,12324.0
G48037380,2020-2024,Texas,Robert Lee ISD,37380,34956.0,10442.0
G48037410,2020-2024,Texas,Robinson ISD,37410,108023.0,14875.0
G48037440,2020-2024,Texas,Robstown ISD,37440,41182.0,8362.0
G48037470,2020-2024,Texas,Roby CISD,37470,68380.0,6230.0
G48037500,2020-2024,Texas,Rochelle ISD,37500,47204.0,8537.0
G48037590,2020-2024,Texas,Rockdale ISD,37590,69555.0,12273.0
G48008550,2020-2024,Texas,Rockport-Fulton ISD,8550,75017.0,11582.0
G48000003,2020-2024,Texas,Rocksprings ISD,3,38487.0,24116.0
G48037650,2020-2024,Texas,Rockwall ISD,37650,128088.0,5657.0
G48037710,2020-2024,Texas,Rogers ISD,37710,82414.0,26415.0
G48037740,2020-2024,Texas,Roma ISD,37740,27843.0,4811.0
G48037800,2020-2024,Texas,Roosevelt ISD,37800,60250.0,11947.0
G48037830,2020-2024,Texas,Ropes ISD,37830,101250.0,21571.0
G48037860,2020-2024,Texas,Roscoe Collegiate ISD,37860,58304.0,15457.0
G48037900,2020-2024,Texas,Rosebud-Lott ISD,37900,55136.0,3834.0
G48038040,2020-2024,Texas,Rotan ISD,38040,58867.0,8898.0
G48038080,2020-2024,Texas,Round Rock ISD,38080,108174.0,2738.0
G48038100,2020-2024,Texas,Round Top-Carmine ISD,38100,87885.0,22325.0
G48038190,2020-2024,Texas,Royal ISD,38190,75076.0,9599.0
G48038220,2020-2024,Texas,Royse City ISD,38220,120719.0,5850.0
G48038280,2020-2024,Texas,Rule ISD,38280,45568.0,11271.0
G48038310,2020-2024,Texas,Runge ISD,38310,,
G48038360,2020-2024,Texas,Rusk ISD,38360,67303.0,9957.0
G48038400,2020-2024,Texas,S and S CISD,38400,80453.0,14477.0
G48038430,2020-2024,Texas,Sabinal ISD,38430,35208.0,11580.0
G48038460,2020-2024,Texas,Sabine ISD,38460,71563.0,13924.0
G48038490,2020-2024,Texas,Sabine Pass ISD,38490,75089.0,31699.0
G48038520,2020-2024,Texas,Saint Jo ISD,38520,75536.0,9802.0
G48038580,2020-2024,Texas,Salado ISD,38580,114190.0,18097.0
G48038610,2020-2024,Texas,Saltillo ISD,38610,54508.0,5588.0
G48038640,2020-2024,Texas,Sam Rayburn ISD,38640,77132.0,19970.0
G48038700,2020-2024,Texas,San Angelo ISD,38700,66218.0,2710.0
G48038730,2020-2024,Texas,San Antonio ISD,38730,46710.0,1609.0
G48038760,2020-2024,Texas,San Augustine ISD,38760,41638.0,10922.0
G48038790,2020-2024,Texas,San Benito CISD,38790,45640.0,2560.0
G48038820,2020-2024,Texas,San Diego ISD,38820,46771.0,13870.0
G48038850,2020-2024,Texas,San Elizario ISD,38850,47537.0,7821.0
G48038900,2020-2024,Texas,San Felipe-Del Rio CISD,38900,66104.0,5302.0
G48038910,2020-2024,Texas,San Isidro ISD,38910,36964.0,26550.0
G48038970,2020-2024,Texas,San Marcos CISD,38970,51780.0,2288.0
G48039000,2020-2024,Texas,San Perlita ISD,39000,73047.0,42531.0
G48039030,2020-2024,Texas,San Saba ISD,39030,52938.0,8317.0
G48039060,2020-2024,Texas,San Vicente ISD,39060,49575.0,3130.0
G48039120,2020-2024,Texas,Sands CISD,39120,72188.0,17279.0
G48039150,2020-2024,Texas,Sanford-Fritch ISD,39150,79808.0,15282.0
G48039180,2020-2024,Texas,Sanger ISD,39180,99490.0,12636.0
G48039210,2020-2024,Texas,Santa Anna ISD,39210,48796.0,8091.0
G48039270,2020-2024,Texas,Santa Fe ISD,39270,96117.0,13564.0
G48039300,2020-2024,Texas,Santa Gertrudis ISD,39300,53333.0,33960.0
G48039330,2020-2024,Texas,Santa Maria ISD,39330,34773.0,9608.0
G48039360,2020-2024,Texas,Santa Rosa ISD,39360,48306.0,10391.0
G48039390,2020-2024,Texas,Santo ISD,39390,99825.0,7205.0
G48039450,2020-2024,Texas,Savoy ISD,39450,73980.0,5099.0
G48039480,2020-2024,Texas,Schertz-Cibolo-Universal City ISD,39480,105726.0,3973.0
G48039510,2020-2024,Texas,Schleicher ISD,39510,86694.0,15077.0
G48039540,2020-2024,Texas,Schulenburg ISD,39540,68669.0,11689.0
G48039570,2020-2024,Texas,Scurry-Rosser ISD,39570,100465.0,17816.0
G48039600,2020-2024,Texas,Seagraves ISD,39600,51354.0,13328.0
G48039630,2020-2024,Texas,Sealy ISD,39630,70417.0,7909.0
G48039690,2020-2024,Texas,Seguin ISD,39690,66354.0,3820.0
G48039750,2020-2024,Texas,Seminole ISD,39750,78443.0,9157.0
G48039780,2020-2024,Texas,Seymour ISD,39780,45926.0,9489.0
G48039870,2020-2024,Texas,Shallowater ISD,39870,87250.0,19402.0
G48039900,2020-2024,Texas,Shamrock ISD,39900,47132.0,14369.0
G48039930,2020-2024,Texas,Sharyland ISD,39930,72238.0,6831.0
G48039960,2020-2024,Texas,Shelbyville ISD,39960,66135.0,23320.0
G48039990,2020-2024,Texas,Sheldon ISD,39990,61538.0,5730.0
G48040020,2020-2024,Texas,Shepherd ISD,40020,82604.0,17570.0
G48040080,2020-2024,Texas,Sherman ISD,40080,59463.0,6751.0
G48040110,2020-2024,Texas,Shiner ISD,40110,90438.0,17750.0
G48040170,2020-2024,Texas,Sidney ISD,40170,70417.0,44274.0
G48040200,2020-2024,Texas,Sierra Blanca ISD,40200,55250.0,4399.0
G48040230,2020-2024,Texas,Silsbee ISD,40230,62311.0,7240.0
G48040290,2020-2024,Texas,Silverton ISD,40290,43448.0,11479.0
G48040320,2020-2024,Texas,Simms ISD,40320,69659.0,16193.0
G48040350,2020-2024,Texas,Sinton ISD,40350,52984.0,10901.0
G48040380,2020-2024,Texas,Sivells Bend ISD,40380,81528.0,12800.0
G48040410,2020-2024,Texas,Skidmore-Tynan ISD,40410,49549.0,22423.0
G48040440,2020-2024,Texas,Slaton ISD,40440,58667.0,6723.0
G48040470,2020-2024,Texas,Slidell ISD,40470,81932.0,13203.0
G48040500,2020-2024,Texas,Slocum ISD,40500,63321.0,6500.0
G48040550,2020-2024,Texas,Smithville ISD,40550,72758.0,8078.0
G48040590,2020-2024,Texas,Smyer ISD,40590,55000.0,18776.0
G48040620,2020-2024,Texas,Snook ISD,40620,73819.0,16649.0
G48040650,2020-2024,Texas,Snyder ISD,40650,59145.0,6507.0
G48040710,2020-2024,Texas,Socorro ISD,40710,74004.0,3095.0
G48040740,2020-2024,Texas,Somerset ISD,40740,72176.0,8968.0
G48040770,2020-2024,Texas,Somerville ISD,40770,72619.0,18370.0
G48040800,2020-2024,Texas,Sonora ISD,40800,78906.0,19411.0
G48040680,2020-2024,Texas,South San Antonio ISD,40680,52309.0,3979.0
G48040890,2020-2024,Texas,Southland ISD,40890,56250.0,7554.0
G48040920,2020-2024,Texas,Southside ISD,40920,63269.0,6564.0
G48040950,2020-2024,Texas,Southwest ISD,40950,69907.0,4627.0
G48041010,2020-2024,Texas,Spearman ISD,41010,68902.0,12505.0
G48041070,2020-2024,Texas,Splendora ISD,41070,79428.0,6941.0
G48041100,2020-2024,Texas,Spring Branch ISD,41100,87141.0,3816.0
G48041130,2020-2024,Texas,Spring Creek ISD,41130,46719.0,31133.0
G48041190,2020-2024,Texas,Spring Hill ISD,41190,90098.0,11861.0
G48041220,2020-2024,Texas,Spring ISD,41220,70683.0,3618.0
G48041250,2020-2024,Texas,Springlake-Earth ISD,41250,48897.0,10014.0
G48041280,2020-2024,Texas,Springtown ISD,41280,96729.0,10413.0
G48000002,2020-2024,Texas,Spur ISD,2,48836.0,7517.0
G48041340,2020-2024,Texas,Spurger ISD,41340,76250.0,45062.0
G48041350,2020-2024,Texas,Stafford MSD,41350,84545.0,11868.0
G48041400,2020-2024,Texas,Stamford ISD,41400,47688.0,4024.0
G48041430,2020-2024,Texas,Stanton ISD,41430,94577.0,20954.0
G48041520,2020-2024,Texas,Stephenville ISD,41520,59152.0,4076.0
G48041550,2020-2024,Texas,Sterling City ISD,41550,64954.0,18855.0
G48041610,2020-2024,Texas,Stockdale ISD,41610,67569.0,22381.0
G48041670,2020-2024,Texas,Stratford ISD,41670,70609.0,25127.0
G48041700,2020-2024,Texas,Strawn ISD,41700,52188.0,15577.0
G48041760,2020-2024,Texas,Sudan ISD,41760,64250.0,16382.0
G48041790,2020-2024,Texas,Sulphur Bluff ISD,41790,71458.0,30215.0
G48041820,2020-2024,Texas,Sulphur Springs ISD,41820,71546.0,6979.0
G48041850,2020-2024,Texas,Sundown ISD,41850,62500.0,44092.0
G48041880,2020-2024,Texas,Sunnyvale ISD,41880,170348.0,12486.0
G48041910,2020-2024,Texas,Sunray Collegiate ISD,41910,67262.0,20547.0
G48041970,2020-2024,Texas,Sweeny ISD,41970,74896.0,18561.0
G48042000,2020-2024,Texas,Sweet Home ISD,42000,83365.0,12611.0
G48042030,2020-2024,Texas,Sweetwater ISD,42030,49167.0,3771.0
G48042060,2020-2024,Texas,Taft ISD,42060,72331.0,9548.0
G48042090,2020-2024,Texas,Tahoka ISD,42090,61776.0,21040.0
G48042210,2020-2024,Texas,Tarkington ISD,42210,99144.0,8518.0
G48042240,2020-2024,Texas,Tatum ISD,42240,82321.0,16718.0
G48042280,2020-2024,Texas,Taylor ISD,42280,75805.0,6069.0
G48042300,2020-2024,Texas,Teague ISD,42300,59173.0,7300.0
G48042330,2020-2024,Texas,Temple ISD,42330,58815.0,5225.0
G48042360,2020-2024,Texas,Tenaha ISD,42360,43375.0,11816.0
G48042390,2020-2024,Texas,Terlingua CSD,42390,34135.0,16426.0
G48042420,2020-2024,Texas,Terrell County ISD,42420,44886.0,18616.0
G48042450,2020-2024,Texas,Terrell ISD,42450,70843.0,5279.0
G48042480,2020-2024,Texas,Texarkana ISD,42480,49240.0,6030.0
G48042510,2020-2024,Texas,Texas City ISD,42510,62352.0,7643.0
G48042540,2020-2024,Texas,Texhoma ISD,42540,70703.0,28538.0
G48042570,2020-2024,Texas,Texline ISD,42570,77961.0,18028.0
G48042630,2020-2024,Texas,Thorndale ISD,42630,67750.0,27604.0
G48042660,2020-2024,Texas,Thrall ISD,42660,110457.0,32068.0
G48042690,2020-2024,Texas,Three Rivers ISD,42690,60500.0,22089.0
G48042720,2020-2024,Texas,Three Way ISD,42720,70833.0,29068.0
G48042780,2020-2024,Texas,Throckmorton Collegiate ISD,42780,58036.0,11600.0
G48042810,2020-2024,Texas,Tidehaven ISD,42810,60908.0,14492.0
G48042840,2020-2024,Texas,Timpson ISD,42840,41863.0,4449.0
G48042870,2020-2024,Texas,Tioga ISD,42870,83000.0,31115.0
G48042900,2020-2024,Texas,Tolar ISD,42900,78403.0,10484.0
G48042930,2020-2024,Texas,Tom Bean ISD,42930,88299.0,41818.0
G48042960,2020-2024,Texas,Tomball ISD,42960,128054.0,12381.0
G48042990,2020-2024,Texas,Tornillo ISD,42990,42234.0,9137.0
G48043110,2020-2024,Texas,Trent ISD,43110,89375.0,27688.0
G48043140,2020-2024,Texas,Trenton ISD,43140,94063.0,14027.0
G48043170,2020-2024,Texas,Trinidad ISD,43170,48750.0,30043.0
G48043200,2020-2024,Texas,Trinity ISD,43200,50603.0,8755.0
G48043230,2020-2024,Texas,Troup ISD,43230,69302.0,12533.0
G48043260,2020-2024,Texas,Troy ISD,43260,84079.0,15335.0
G48043320,2020-2024,Texas,Tulia ISD,43320,35357.0,14971.0
G48043350,2020-2024,Texas,Tuloso-Midway ISD,43350,69700.0,5027.0
G48043400,2020-2024,Texas,Turkey-Quitaque ISD,43400,55750.0,12879.0
G48043470,2020-2024,Texas,Tyler ISD,43470,67521.0,3482.0
G48043530,2020-2024,Texas,Union Grove ISD,43530,72969.0,25994.0
G48043560,2020-2024,Texas,Union Hill ISD,43560,80139.0,14999.0
G48043650,2020-2024,Texas,United ISD,43650,74662.0,3113.0
G48043680,2020-2024,Texas,Utopia ISD,43680,85382.0,11187.0
G48043720,2020-2024,Texas,Uvalde CISD,43720,52995.0,6582.0
G48043740,2020-2024,Texas,Valentine ISD,43740,34091.0,3998.0
G48043760,2020-2024,Texas,Valley Mills ISD,43760,71507.0,15290.0
G48043860,2020-2024,Texas,Valley View ISD (Cooke County),43860,85317.0,11864.0
G48043800,2020-2024,Texas,Valley View ISD (Hidalgo County),43800,60951.0,6120.0
G48043890,2020-2024,Texas,Van Alstyne ISD,43890,112799.0,14947.0
G48043920,2020-2024,Texas,Van ISD,43920,68605.0,7115.0
G48043950,2020-2024,Texas,Van Vleck ISD,43950,61742.0,14843.0
G48043980,2020-2024,Texas,Vega ISD,43980,80000.0,7309.0
G48044010,2020-2024,Texas,Venus ISD,44010,89917.0,15335.0
G48044040,2020-2024,Texas,Veribest ISD,44040,83542.0,29256.0
G48044110,2020-2024,Texas,Vernon ISD,44110,53486.0,7734.0
G48044150,2020-2024,Texas,Victoria ISD,44150,71147.0,2718.0
G48044160,2020-2024,Texas,Vidor ISD,44160,71507.0,6045.0
G48044280,2020-2024,Texas,Waco ISD,44280,45436.0,2632.0
G48044310,2020-2024,Texas,Waelder ISD,44310,61274.0,6499.0
G48044370,2020-2024,Texas,Walcott ISD,44370,,
G48044410,2020-2024,Texas,Wall ISD,44410,103732.0,10095.0
G48044430,2020-2024,Texas,Waller ISD,44430,96013.0,12591.0
G48044490,2020-2024,Texas,Walnut Bend ISD,44490,69583.0,51421.0
G48044520,2020-2024,Texas,Walnut Springs ISD,44520,44145.0,13803.0
G48044580,2020-2024,Texas,Warren ISD,44580,57083.0,14263.0
G48044670,2020-2024,Texas,Waskom ISD,44670,63054.0,8164.0
G48044710,2020-2024,Texas,Water Valley ISD,44710,60985.0,12267.0
G48044730,2020-2024,Texas,Waxahachie ISD,44730,89058.0,6296.0
G48044800,2020-2024,Texas,Weatherford ISD,44800,82141.0,9304.0
G48044810,2020-2024,Texas,Webb CISD,44810,55357.0,39229.0
G48044820,2020-2024,Texas,Weimar ISD,44820,67341.0,15057.0
G48044890,2020-2024,Texas,Wellington ISD,44890,60595.0,7344.0
G48044910,2020-2024,Texas,Wellman-Union CISD,44910,80536.0,29381.0
G48044940,2020-2024,Texas,Wells ISD,44940,61250.0,34566.0
G48044960,2020-2024,Texas,Weslaco ISD,44960,57881.0,3444.0
G48045000,2020-2024,Texas,West Hardin County CISD,45000,44167.0,37963.0
G48045040,2020-2024,Texas,West ISD,45040,86437.0,11967.0
G48045090,2020-2024,Texas,West Orange-Cove CISD,45090,51471.0,10822.0
G48045120,2020-2024,Texas,West Oso ISD,45120,36735.0,12339.0
G48045150,2020-2024,Texas,West Rusk County CISD,45150,55094.0,8309.0
G48045180,2020-2024,Texas,West Sabine ISD,45180,68922.0,16363.0
G48045210,2020-2024,Texas,Westbrook ISD,45210,53750.0,6196.0
G48045240,2020-2024,Texas,Westhoff ISD,45240,87813.0,11788.0
G48045330,2020-2024,Texas,Westphalia ISD,45330,93750.0,23332.0
G48043290,2020-2024,Texas,Westwood ISD,43290,52647.0,11427.0
G48045380,2020-2024,Texas,Wharton ISD,45380,58232.0,6326.0
G48045420,2020-2024,Texas,Wheeler ISD,45420,70091.0,9033.0
G48045450,2020-2024,Texas,White Deer ISD,45450,83667.0,10705.0
G48045480,2020-2024,Texas,White Oak ISD,45480,100146.0,21840.0
G48045540,2020-2024,Texas,White Settlement ISD,45540,75263.0,4798.0
G48045570,2020-2024,Texas,Whiteface CISD,45570,69417.0,14330.0
G48045600,2020-2024,Texas,Whitehouse ISD,45600,89480.0,6864.0
G48045630,2020-2024,Texas,Whitesboro ISD,45630,81496.0,9392.0
G48045670,2020-2024,Texas,Whitewright ISD,45670,68385.0,14151.0
G48045690,2020-2024,Texas,Whitharral ISD,45690,85250.0,14515.0
G48045720,2020-2024,Texas,Whitney ISD,45720,54045.0,5196.0
G48045780,2020-2024,Texas,Wichita Falls ISD,45780,58684.0,2996.0
G48045840,2020-2024,Texas,Wildorado ISD,45840,115208.0,56455.0
G48045900,2020-2024,Texas,Willis ISD,45900,85618.0,6260.0
G48045950,2020-2024,Texas,Wills Point ISD,45950,76975.0,7051.0
G48045990,2020-2024,Texas,Wilson ISD,45990,55000.0,17724.0
G48000009,2020-2024,Texas,Wimberley ISD,9,82389.0,14995.0
G48046080,2020-2024,Texas,Windthorst ISD,46080,90592.0,16525.0
G48046170,2020-2024,Texas,Wink-Loving ISD,46170,101250.0,21010.0
G48046200,2020-2024,Texas,Winnsboro ISD,46200,60662.0,12105.0
G48046230,2020-2024,Texas,Winona ISD,46230,74153.0,18773.0
G48046260,2020-2024,Texas,Winters ISD,46260,51406.0,8780.0
G48046320,2020-2024,Texas,Woden ISD,46320,45781.0,12964.0
G48046350,2020-2024,Texas,Wolfe City ISD,46350,63173.0,10653.0
G48046380,2020-2024,Texas,Woodsboro ISD,46380,63750.0,10847.0
G48046410,2020-2024,Texas,Woodson ISD,46410,81964.0,32055.0
G48046440,2020-2024,Texas,Woodville ISD,46440,51123.0,10704.0
G48046470,2020-2024,Texas,Wortham ISD,46470,59911.0,17266.0
G48046530,2020-2024,Texas,Wylie ISD (Collin County),46530,132443.0,6682.0
G48046500,2020-2024,Texas,Wylie ISD (Taylor County),46500,114484.0,7885.0
G48046590,2020-2024,Texas,Yantis ISD,46590,54438.0,13926.0
G48046620,2020-2024,Texas,Yoakum ISD,46620,53128.0,9736.0
G48046650,2020-2024,Texas,Yorktown ISD,46650,61480.0,15495.0
G48046680,2020-2024,Texas,Ysleta ISD,46680,50480.0,2079.0
G48046710,2020-2024,Texas,Zapata County ISD,46710,39239.0,4265.0
G48046740,2020-2024,Texas,Zavalla ISD,46740,44798.0,13434.0
G48046770,2020-2024,Texas,Zephyr ISD,46770,62917.0,24792.0
